key,l,m,s
0,-0.0631,13.3363,0.09272
1,0.0362,13.3185,0.0936
2,0.1355,13.3006,0.09448
3,0.2347,13.2828,0.09535
4,0.334,13.2649,0.09623
5,0.4333,13.247,0.09711
6,0.5326,13.2292,0.09799
7,0.6319,13.2113,0.09887
8,0.6142,13.2455,0.09866
9,0.5965,13.2796,0.09845
10,0.5789,13.3137,0.09824
11,0.5612,13.3478,0.09804
12,0.5435,13.3819,0.09783
13,0.5258,13.416,0.09762
14,0.5082,13.4501,0.09741
15,0.4947,13.5169,0.09726
16,0.482,13.5873,0.09711
17,0.4699,13.6595,0.09697
18,0.4583,13.7325,0.09684
19,0.4472,13.8056,0.09671
20,0.4365,13.8784,0.09659
21,0.4263,13.9505,0.09647
22,0.4164,14.0216,0.09636
23,0.4069,14.0916,0.09625
24,0.3977,14.1603,0.09615
25,0.3888,14.2276,0.09605
26,0.3802,14.2935,0.09595
27,0.3718,14.3579,0.09586
28,0.3637,14.4208,0.09577
29,0.3558,14.4824,0.09568
30,0.3481,14.5422,0.09559
31,0.3406,14.6003,0.09551
32,0.3333,14.6566,0.09543
33,0.3262,14.7112,0.09535
34,0.3192,14.7642,0.09527
35,0.3124,14.8157,0.0952
36,0.3058,14.8657,0.09513
37,0.2993,14.9142,0.09506
38,0.2929,14.9614,0.09499
39,0.2867,15.0073,0.09492
40,0.2806,15.052,0.09485
41,0.2747,15.0955,0.09479
42,0.2688,15.138,0.09472
43,0.263,15.1794,0.09466
44,0.2574,15.2198,0.0946
45,0.2519,15.2591,0.09454
46,0.2464,15.2974,0.09448
47,0.2411,15.3347,0.09442
48,0.2358,15.3709,0.09436
49,0.2306,15.4063,0.09431
50,0.2255,15.4408,0.09425
51,0.2205,15.4744,0.0942
52,0.2156,15.5072,0.09415
53,0.2107,15.5393,0.0941
54,0.2059,15.5706,0.09404
55,0.2012,15.6012,0.09399
56,0.1966,15.6311,0.09394
57,0.192,15.6604,0.09389
58,0.1875,15.689,0.09385
59,0.183,15.717,0.0938
60,0.1787,15.7444,0.09375
61,0.1743,15.7713,0.09371
62,0.17,15.7975,0.09366
63,0.1658,15.8232,0.09361
64,0.1617,15.8483,0.09357
65,0.1575,15.8729,0.09353
66,0.1535,15.8968,0.09348
67,0.1495,15.9202,0.09344
68,0.1455,15.9431,0.0934
69,0.1416,15.9655,0.09336
70,0.1377,15.9874,0.09332
71,0.1339,16.0087,0.09328
72,0.1301,16.0297,0.09324
73,0.1263,16.0501,0.0932
74,0.1226,16.0702,0.09316
75,0.119,16.0897,0.09312
76,0.1154,16.1089,0.09308
77,0.1118,16.1277,0.09304
78,0.1082,16.1461,0.093
79,0.1047,16.164,0.09297
80,0.1013,16.1817,0.09293
81,0.0978,16.1989,0.09289
82,0.0944,16.2158,0.09286
83,0.0911,16.2323,0.09282
84,0.0877,16.2485,0.09279
85,0.0844,16.2644,0.09275
86,0.0811,16.28,0.09272
87,0.0779,16.2952,0.09268
88,0.0747,16.3101,0.09265
89,0.0715,16.3247,0.09262
90,0.0684,16.339,0.09258
91,0.0652,16.3531,0.09255
92,0.0621,16.3668,0.09252
93,0.0591,16.3803,0.09249
94,0.056,16.3935,0.09245
95,0.053,16.4065,0.09242
96,0.05,16.4192,0.09239
97,0.0471,16.4316,0.09236
98,0.0442,16.4438,0.09233
99,0.0412,16.4557,0.0923
100,0.0384,16.4673,0.09227
101,0.0355,16.4788,0.09224
102,0.0327,16.49,0.09221
103,0.0298,16.5009,0.09218
104,0.027,16.5117,0.09215
105,0.0243,16.5222,0.09212
106,0.0215,16.5325,0.09209
107,0.0188,16.5426,0.09206
108,0.0161,16.5525,0.09203
109,0.0134,16.5622,0.09201
110,0.0107,16.5717,0.09198
111,0.0081,16.581,0.09195
112,0.0055,16.5901,0.09192
113,0.0029,16.5991,0.09189
114,0.0003,16.6078,0.09187
115,-0.0023,16.6164,0.09184
116,-0.0048,16.6249,0.09181
117,-0.0074,16.6331,0.09179
118,-0.0099,16.6412,0.09176
119,-0.0124,16.6492,0.09173
120,-0.0148,16.657,0.09171
121,-0.0173,16.6647,0.09168
122,-0.0197,16.6722,0.09166
123,-0.0222,16.6795,0.09163
124,-0.0246,16.6868,0.09161
125,-0.027,16.6939,0.09158
126,-0.0293,16.7009,0.09156
127,-0.0317,16.7077,0.09153
128,-0.034,16.7144,0.09151
129,-0.0364,16.721,0.09148
130,-0.0387,16.7274,0.09146
131,-0.041,16.7337,0.09143
132,-0.0433,16.7399,0.09141
133,-0.0455,16.746,0.09139
134,-0.0478,16.7519,0.09136
135,-0.05,16.7577,0.09134
136,-0.0522,16.7634,0.09131
137,-0.0545,16.7689,0.09129
138,-0.0566,16.7743,0.09127
139,-0.0588,16.7797,0.09125
140,-0.061,16.7848,0.09122
141,-0.0632,16.7899,0.0912
142,-0.0653,16.7948,0.09118
143,-0.0674,16.7997,0.09116
144,-0.0696,16.8044,0.09113
145,-0.0717,16.809,0.09111
146,-0.0737,16.8134,0.09109
147,-0.0758,16.8178,0.09107
148,-0.0779,16.822,0.09104
149,-0.08,16.8262,0.09102
150,-0.082,16.8302,0.091
151,-0.084,16.8341,0.09098
152,-0.086,16.8379,0.09096
153,-0.0881,16.8416,0.09094
154,-0.0901,16.8452,0.09092
155,-0.092,16.8487,0.0909
156,-0.094,16.8521,0.09088
157,-0.096,16.8554,0.09085
158,-0.0979,16.8586,0.09083
159,-0.0999,16.8617,0.09081
160,-0.1018,16.8648,0.09079
161,-0.1037,16.8677,0.09077
162,-0.1056,16.8705,0.09075
163,-0.1075,16.8732,0.09073
164,-0.1094,16.8759,0.09071
165,-0.1113,16.8784,0.09069
166,-0.1132,16.8808,0.09067
167,-0.115,16.8832,0.09065
168,-0.1169,16.8854,0.09063
169,-0.1187,16.8876,0.09061
170,-0.1206,16.8897,0.09059
171,-0.1224,16.8917,0.09058
172,-0.1242,16.8936,0.09056
173,-0.126,16.8954,0.09054
174,-0.1278,16.8971,0.09052
175,-0.1296,16.8987,0.0905
176,-0.1314,16.9002,0.09048
177,-0.1331,16.9017,0.09046
178,-0.1349,16.9031,0.09044
179,-0.1366,16.9043,0.09043
180,-0.1384,16.9055,0.09041
181,-0.1401,16.9066,0.09039
182,-0.1418,16.9077,0.09037
183,-0.1436,16.9086,0.09035
184,-0.1453,16.9095,0.09033
185,-0.147,16.9102,0.09032
186,-0.1487,16.9109,0.0903
187,-0.1503,16.9116,0.09028
188,-0.152,16.9121,0.09026
189,-0.1537,16.9125,0.09024
190,-0.1554,16.9129,0.09023
191,-0.157,16.9132,0.09021
192,-0.1587,16.9135,0.09019
193,-0.1603,16.9136,0.09017
194,-0.1619,16.9137,0.09016
195,-0.1635,16.9137,0.09014
196,-0.1652,16.9136,0.09012
197,-0.1668,16.9135,0.09011
198,-0.1684,16.9133,0.09009
199,-0.17,16.913,0.09007
200,-0.1715,16.9127,0.09006
201,-0.1731,16.9122,0.09004
202,-0.1747,16.9118,0.09002
203,-0.1763,16.9112,0.09001
204,-0.1778,16.9106,0.08999
205,-0.1794,16.9099,0.08997
206,-0.1809,16.9091,0.08996
207,-0.1824,16.9083,0.08994
208,-0.184,16.9074,0.08992
209,-0.1855,16.9065,0.08991
210,-0.187,16.9055,0.08989
211,-0.1885,16.9044,0.08988
212,-0.19,16.9033,0.08986
213,-0.1915,16.9021,0.08984
214,-0.193,16.9008,0.08983
215,-0.1945,16.8995,0.08981
216,-0.196,16.8981,0.0898
217,-0.1975,16.8967,0.08978
218,-0.1989,16.8952,0.08976
219,-0.2004,16.8937,0.08975
220,-0.2018,16.8921,0.08973
221,-0.2033,16.8905,0.08972
222,-0.2047,16.8888,0.0897
223,-0.2062,16.887,0.08969
224,-0.2076,16.8852,0.08967
225,-0.209,16.8834,0.08966
226,-0.2104,16.8814,0.08964
227,-0.2119,16.8795,0.08963
228,-0.2133,16.8775,0.08961
229,-0.2147,16.8754,0.0896
230,-0.2161,16.8733,0.08958
231,-0.2175,16.8712,0.08957
232,-0.2188,16.869,0.08955
233,-0.2202,16.8667,0.08954
234,-0.2216,16.8644,0.08952
235,-0.223,16.8621,0.08951
236,-0.2243,16.8597,0.08949
237,-0.2257,16.8572,0.08948
238,-0.227,16.8548,0.08947
239,-0.2284,16.8522,0.08945
240,-0.2297,16.8497,0.08944
241,-0.2311,16.8471,0.08942
242,-0.2324,16.8444,0.08941
243,-0.2337,16.8417,0.08939
244,-0.2351,16.839,0.08938
245,-0.2364,16.8362,0.08937
246,-0.2377,16.8334,0.08935
247,-0.239,16.8305,0.08934
248,-0.2403,16.8276,0.08932
249,-0.2416,16.8247,0.08931
250,-0.2429,16.8217,0.0893
251,-0.2442,16.8187,0.08928
252,-0.2455,16.8157,0.08927
253,-0.2467,16.8126,0.08926
254,-0.248,16.8095,0.08924
255,-0.2493,16.8063,0.08923
256,-0.2505,16.8031,0.08921
257,-0.2518,16.7999,0.0892
258,-0.2531,16.7967,0.08919
259,-0.2543,16.7934,0.08917
260,-0.2556,16.79,0.08916
261,-0.2568,16.7867,0.08915
262,-0.258,16.7833,0.08913
263,-0.2593,16.7799,0.08912
264,-0.2605,16.7764,0.08911
265,-0.2617,16.773,0.08909
266,-0.263,16.7695,0.08908
267,-0.2642,16.7659,0.08907
268,-0.2654,16.7624,0.08906
269,-0.2666,16.7588,0.08904
270,-0.2678,16.7551,0.08903
271,-0.269,16.7515,0.08902
272,-0.2702,16.7478,0.089
273,-0.2714,16.7441,0.08899
274,-0.2726,16.7404,0.08898
275,-0.2737,16.7367,0.08897
276,-0.2749,16.7329,0.08895
277,-0.2761,16.7291,0.08894
278,-0.2773,16.7253,0.08893
279,-0.2784,16.7214,0.08892
280,-0.2796,16.7176,0.0889
281,-0.2808,16.7137,0.08889
282,-0.2819,16.7098,0.08888
283,-0.2831,16.7059,0.08887
284,-0.2842,16.7019,0.08885
285,-0.2854,16.698,0.08884
286,-0.2865,16.694,0.08883
287,-0.2876,16.69,0.08882
288,-0.2888,16.686,0.08881
289,-0.2899,16.682,0.08879
290,-0.291,16.6779,0.08878
291,-0.2922,16.6739,0.08877
292,-0.2933,16.6698,0.08876
293,-0.2944,16.6657,0.08874
294,-0.2955,16.6616,0.08873
295,-0.2966,16.6575,0.08872
296,-0.2977,16.6534,0.08871
297,-0.2988,16.6492,0.0887
298,-0.2999,16.6451,0.08869
299,-0.301,16.6409,0.08867
300,-0.3021,16.6367,0.08866
301,-0.3032,16.6326,0.08865
302,-0.3043,16.6284,0.08864
303,-0.3053,16.6242,0.08863
304,-0.3064,16.62,0.08862
305,-0.3075,16.6157,0.0886
306,-0.3086,16.6115,0.08859
307,-0.3096,16.6073,0.08858
308,-0.3107,16.603,0.08857
309,-0.3118,16.5988,0.08856
310,-0.3128,16.5945,0.08855
311,-0.3139,16.5903,0.08854
312,-0.3149,16.586,0.08852
313,-0.316,16.5817,0.08851
314,-0.317,16.5774,0.0885
315,-0.3181,16.5731,0.08849
316,-0.3191,16.5688,0.08848
317,-0.3201,16.5645,0.08847
318,-0.3212,16.5602,0.08846
319,-0.3222,16.5559,0.08845
320,-0.3232,16.5516,0.08843
321,-0.3242,16.5473,0.08842
322,-0.3253,16.543,0.08841
323,-0.3263,16.5387,0.0884
324,-0.3273,16.5343,0.08839
325,-0.3283,16.53,0.08838
326,-0.3293,16.5257,0.08837
327,-0.3303,16.5213,0.08836
328,-0.3313,16.517,0.08835
329,-0.3323,16.5127,0.08834
330,-0.3333,16.5083,0.08833
331,-0.3343,16.504,0.08832
332,-0.3353,16.4997,0.0883
333,-0.3363,16.4953,0.08829
334,-0.3373,16.491,0.08828
335,-0.3382,16.4867,0.08827
336,-0.3392,16.4823,0.08826
337,-0.3402,16.478,0.08825
338,-0.3412,16.4737,0.08824
339,-0.3421,16.4693,0.08823
340,-0.3431,16.465,0.08822
341,-0.3441,16.4607,0.08821
342,-0.345,16.4563,0.0882
343,-0.346,16.452,0.08819
344,-0.347,16.4477,0.08818
345,-0.3479,16.4434,0.08817
346,-0.3489,16.4391,0.08816
347,-0.3498,16.4347,0.08815
348,-0.3508,16.4304,0.08814
349,-0.3517,16.4261,0.08813
350,-0.3526,16.4218,0.08812
351,-0.3536,16.4175,0.08811
352,-0.3545,16.4132,0.0881
353,-0.3555,16.4089,0.08809
354,-0.3564,16.4046,0.08808
355,-0.3573,16.4004,0.08807
356,-0.3582,16.3961,0.08806
357,-0.3592,16.3918,0.08805
358,-0.3601,16.3875,0.08804
359,-0.361,16.3833,0.08803
360,-0.3619,16.379,0.08802
361,-0.3628,16.3748,0.08801
362,-0.3638,16.3705,0.088
363,-0.3647,16.3663,0.08799
364,-0.3656,16.3621,0.08798
365,-0.3665,16.3578,0.08797
366,-0.3674,16.3536,0.08796
367,-0.3683,16.3494,0.08795
368,-0.3692,16.3452,0.08794
369,-0.3701,16.341,0.08793
370,-0.371,16.3368,0.08792
371,-0.3719,16.3326,0.08791
372,-0.3727,16.3284,0.0879
373,-0.3736,16.3242,0.08789
374,-0.3745,16.32,0.08788
375,-0.3754,16.3158,0.08787
376,-0.3763,16.3117,0.08786
377,-0.3772,16.3075,0.08785
378,-0.378,16.3034,0.08784
379,-0.3789,16.2992,0.08783
380,-0.3798,16.2951,0.08782
381,-0.3806,16.291,0.08782
382,-0.3815,16.2868,0.08781
383,-0.3824,16.2827,0.0878
384,-0.3832,16.2786,0.08779
385,-0.3841,16.2745,0.08778
386,-0.385,16.2704,0.08777
387,-0.3858,16.2663,0.08776
388,-0.3867,16.2622,0.08775
389,-0.3875,16.2582,0.08774
390,-0.3884,16.2541,0.08773
391,-0.3892,16.25,0.08772
392,-0.3901,16.246,0.08771
393,-0.3909,16.2419,0.0877
394,-0.3917,16.2379,0.08769
395,-0.3926,16.2339,0.08769
396,-0.3934,16.2298,0.08768
397,-0.3943,16.2258,0.08767
398,-0.3951,16.2218,0.08766
399,-0.3959,16.2178,0.08765
400,-0.3968,16.2138,0.08764
401,-0.3976,16.2099,0.08763
402,-0.3984,16.2059,0.08762
403,-0.3992,16.2019,0.08761
404,-0.4001,16.198,0.08761
405,-0.4009,16.194,0.0876
406,-0.4017,16.1901,0.08759
407,-0.4025,16.1862,0.08758
408,-0.4033,16.1822,0.08757
409,-0.4041,16.1783,0.08756
410,-0.4049,16.1744,0.08755
411,-0.4057,16.1705,0.08754
412,-0.4066,16.1667,0.08753
413,-0.4074,16.1628,0.08753
414,-0.4082,16.1589,0.08752
415,-0.409,16.1551,0.08751
416,-0.4098,16.1512,0.0875
417,-0.4106,16.1474,0.08749
418,-0.4114,16.1435,0.08748
419,-0.4121,16.1397,0.08747
420,-0.4129,16.1359,0.08747
421,-0.4137,16.1321,0.08746
422,-0.4145,16.1283,0.08745
423,-0.4153,16.1245,0.08744
424,-0.4161,16.1207,0.08743
425,-0.4169,16.117,0.08742
426,-0.4176,16.1132,0.08741
427,-0.4184,16.1095,0.08741
428,-0.4192,16.1057,0.0874
429,-0.42,16.102,0.08739
430,-0.4208,16.0983,0.08738
431,-0.4215,16.0946,0.08737
432,-0.4223,16.0909,0.08736
433,-0.4231,16.0872,0.08736
434,-0.4238,16.0835,0.08735
435,-0.4246,16.0798,0.08734
436,-0.4254,16.0762,0.08733
437,-0.4261,16.0725,0.08732
438,-0.4269,16.0689,0.08731
439,-0.4276,16.0652,0.08731
440,-0.4284,16.0616,0.0873
441,-0.4292,16.058,0.08729
442,-0.4299,16.0544,0.08728
443,-0.4307,16.0508,0.08727
444,-0.4314,16.0472,0.08727
445,-0.4322,16.0436,0.08726
446,-0.4329,16.04,0.08725
447,-0.4337,16.0365,0.08724
448,-0.4344,16.0329,0.08723
449,-0.4351,16.0294,0.08722
450,-0.4359,16.0258,0.08722
451,-0.4366,16.0223,0.08721
452,-0.4374,16.0188,0.0872
453,-0.4381,16.0153,0.08719
454,-0.4388,16.0118,0.08718
455,-0.4396,16.0083,0.08718
456,-0.4403,16.0048,0.08717
457,-0.441,16.0013,0.08716
458,-0.4418,15.9979,0.08715
459,-0.4425,15.9944,0.08714
460,-0.4432,15.991,0.08714
461,-0.4439,15.9875,0.08713
462,-0.4447,15.9841,0.08712
463,-0.4454,15.9807,0.08711
464,-0.4461,15.9773,0.08711
465,-0.4468,15.9739,0.0871
466,-0.4475,15.9705,0.08709
467,-0.4482,15.9671,0.08708
468,-0.449,15.9638,0.08707
469,-0.4497,15.9604,0.08707
470,-0.4504,15.9571,0.08706
471,-0.4511,15.9537,0.08705
472,-0.4518,15.9504,0.08704
473,-0.4525,15.9471,0.08704
474,-0.4532,15.9438,0.08703
475,-0.4539,15.9405,0.08702
476,-0.4546,15.9372,0.08701
477,-0.4553,15.9339,0.08701
478,-0.456,15.9307,0.087
479,-0.4567,15.9274,0.08699
480,-0.4574,15.9241,0.08698
481,-0.4581,15.9209,0.08698
482,-0.4588,15.9177,0.08697
483,-0.4595,15.9145,0.08696
484,-0.4602,15.9112,0.08695
485,-0.4609,15.908,0.08695
486,-0.4616,15.9049,0.08694
487,-0.4623,15.9017,0.08693
488,-0.4629,15.8985,0.08692
489,-0.4636,15.8953,0.08692
490,-0.4643,15.8922,0.08691
491,-0.465,15.8891,0.0869
492,-0.4657,15.8859,0.08689
493,-0.4663,15.8828,0.08689
494,-0.467,15.8797,0.08688
495,-0.4677,15.8766,0.08687
496,-0.4684,15.8735,0.08686
497,-0.469,15.8704,0.08686
498,-0.4697,15.8673,0.08685
499,-0.4704,15.8643,0.08684
500,-0.4711,15.8612,0.08683
501,-0.4717,15.8582,0.08683
502,-0.4724,15.8552,0.08682
503,-0.4731,15.8521,0.08681
504,-0.4737,15.8491,0.08681
505,-0.4744,15.8461,0.0868
506,-0.4751,15.8431,0.08679
507,-0.4757,15.8401,0.08678
508,-0.4764,15.8372,0.08678
509,-0.477,15.8342,0.08677
510,-0.4777,15.8313,0.08676
511,-0.4783,15.8283,0.08676
512,-0.479,15.8254,0.08675
513,-0.4797,15.8224,0.08674
514,-0.4803,15.8195,0.08673
515,-0.481,15.8166,0.08673
516,-0.4816,15.8137,0.08672
517,-0.4823,15.8108,0.08671
518,-0.4829,15.808,0.08671
519,-0.4836,15.8051,0.0867
520,-0.4842,15.8022,0.08669
521,-0.4848,15.7994,0.08668
522,-0.4855,15.7965,0.08668
523,-0.4861,15.7937,0.08667
524,-0.4868,15.7909,0.08666
525,-0.4874,15.7881,0.08666
526,-0.488,15.7853,0.08665
527,-0.4887,15.7825,0.08664
528,-0.4893,15.7797,0.08664
529,-0.49,15.7769,0.08663
530,-0.4906,15.7742,0.08662
531,-0.4912,15.7714,0.08662
532,-0.4919,15.7687,0.08661
533,-0.4925,15.7659,0.0866
534,-0.4931,15.7632,0.0866
535,-0.4937,15.7605,0.08659
536,-0.4944,15.7578,0.08658
537,-0.495,15.7551,0.08657
538,-0.4956,15.7524,0.08657
539,-0.4962,15.7497,0.08656
540,-0.4969,15.747,0.08655
541,-0.4975,15.7444,0.08655
542,-0.4981,15.7417,0.08654
543,-0.4987,15.7391,0.08653
544,-0.4993,15.7364,0.08653
545,-0.5,15.7338,0.08652
546,-0.5006,15.7312,0.08651
547,-0.5012,15.7286,0.08651
548,-0.5018,15.726,0.0865
549,-0.5024,15.7234,0.08649
550,-0.503,15.7208,0.08649
551,-0.5036,15.7183,0.08648
552,-0.5043,15.7157,0.08647
553,-0.5049,15.7132,0.08647
554,-0.5055,15.7106,0.08646
555,-0.5061,15.7081,0.08645
556,-0.5067,15.7056,0.08645
557,-0.5073,15.703,0.08644
558,-0.5079,15.7005,0.08643
559,-0.5085,15.698,0.08643
560,-0.5091,15.6956,0.08642
561,-0.5097,15.6931,0.08642
562,-0.5103,15.6906,0.08641
563,-0.5109,15.6882,0.0864
564,-0.5115,15.6857,0.0864
565,-0.5121,15.6833,0.08639
566,-0.5127,15.6808,0.08638
567,-0.5133,15.6784,0.08638
568,-0.5139,15.676,0.08637
569,-0.5145,15.6736,0.08636
570,-0.5151,15.6712,0.08636
571,-0.5156,15.6688,0.08635
572,-0.5162,15.6665,0.08634
573,-0.5168,15.6641,0.08634
574,-0.5174,15.6617,0.08633
575,-0.518,15.6594,0.08632
576,-0.5186,15.6571,0.08632
577,-0.5192,15.6547,0.08631
578,-0.5197,15.6524,0.08631
579,-0.5203,15.6501,0.0863
580,-0.5209,15.6478,0.08629
581,-0.5215,15.6455,0.08629
582,-0.5221,15.6432,0.08628
583,-0.5226,15.6409,0.08627
584,-0.5232,15.6387,0.08627
585,-0.5238,15.6364,0.08626
586,-0.5244,15.6342,0.08626
587,-0.525,15.6319,0.08625
588,-0.5255,15.6297,0.08624
589,-0.5261,15.6275,0.08624
590,-0.5267,15.6253,0.08623
591,-0.5272,15.6231,0.08622
592,-0.5278,15.6209,0.08622
593,-0.5284,15.6187,0.08621
594,-0.529,15.6165,0.08621
595,-0.5295,15.6144,0.0862
596,-0.5301,15.6122,0.08619
597,-0.5307,15.61,0.08619
598,-0.5312,15.6079,0.08618
599,-0.5318,15.6058,0.08618
600,-0.5323,15.6037,0.08617
601,-0.5329,15.6015,0.08616
602,-0.5335,15.5994,0.08616
603,-0.534,15.5973,0.08615
604,-0.5346,15.5953,0.08614
605,-0.5351,15.5932,0.08614
606,-0.5357,15.5911,0.08613
607,-0.5363,15.589,0.08613
608,-0.5368,15.587,0.08612
609,-0.5374,15.585,0.08611
610,-0.5379,15.5829,0.08611
611,-0.5385,15.5809,0.0861
612,-0.539,15.5789,0.0861
613,-0.5396,15.5769,0.08609
614,-0.5401,15.5749,0.08608
615,-0.5407,15.5729,0.08608
616,-0.5412,15.5709,0.08607
617,-0.5418,15.569,0.08607
618,-0.5423,15.567,0.08606
619,-0.5429,15.5651,0.08605
620,-0.5434,15.5631,0.08605
621,-0.544,15.5612,0.08604
622,-0.5445,15.5593,0.08604
623,-0.5451,15.5574,0.08603
624,-0.5456,15.5555,0.08603
625,-0.5461,15.5536,0.08602
626,-0.5467,15.5517,0.08601
627,-0.5472,15.5498,0.08601
628,-0.5478,15.548,0.086
629,-0.5483,15.5461,0.086
630,-0.5488,15.5443,0.08599
631,-0.5494,15.5424,0.08598
632,-0.5499,15.5406,0.08598
633,-0.5504,15.5388,0.08597
634,-0.551,15.537,0.08597
635,-0.5515,15.5352,0.08596
636,-0.552,15.5334,0.08596
637,-0.5526,15.5316,0.08595
638,-0.5531,15.5299,0.08594
639,-0.5536,15.5281,0.08594
640,-0.5542,15.5263,0.08593
641,-0.5547,15.5246,0.08593
642,-0.5552,15.5229,0.08592
643,-0.5557,15.5212,0.08591
644,-0.5563,15.5194,0.08591
645,-0.5568,15.5177,0.0859
646,-0.5573,15.5161,0.0859
647,-0.5578,15.5144,0.08589
648,-0.5584,15.5127,0.08589
649,-0.5589,15.511,0.08588
650,-0.5594,15.5094,0.08587
651,-0.5599,15.5077,0.08587
652,-0.5605,15.5061,0.08586
653,-0.561,15.5045,0.08586
654,-0.5615,15.5028,0.08585
655,-0.562,15.5012,0.08585
656,-0.5625,15.4996,0.08584
657,-0.563,15.498,0.08584
658,-0.5636,15.4965,0.08583
659,-0.5641,15.4949,0.08582
660,-0.5646,15.4933,0.08582
661,-0.5651,15.4918,0.08581
662,-0.5656,15.4902,0.08581
663,-0.5661,15.4887,0.0858
664,-0.5666,15.4872,0.0858
665,-0.5672,15.4856,0.08579
666,-0.5677,15.4841,0.08579
667,-0.5682,15.4826,0.08578
668,-0.5687,15.4811,0.08577
669,-0.5692,15.4797,0.08577
670,-0.5697,15.4782,0.08576
671,-0.5702,15.4767,0.08576
672,-0.5707,15.4753,0.08575
673,-0.5712,15.4738,0.08575
674,-0.5717,15.4724,0.08574
675,-0.5722,15.471,0.08574
676,-0.5727,15.4695,0.08573
677,-0.5732,15.4681,0.08573
678,-0.5737,15.4667,0.08572
679,-0.5742,15.4653,0.08571
680,-0.5747,15.4639,0.08571
681,-0.5752,15.4626,0.0857
682,-0.5757,15.4612,0.0857
683,-0.5762,15.4598,0.08569
684,-0.5767,15.4585,0.08569
685,-0.5772,15.4572,0.08568
686,-0.5777,15.4558,0.08568
687,-0.5782,15.4545,0.08567
688,-0.5787,15.4532,0.08567
689,-0.5792,15.4519,0.08566
690,-0.5797,15.4506,0.08565
691,-0.5802,15.4493,0.08565
692,-0.5807,15.448,0.08564
693,-0.5812,15.4467,0.08564
694,-0.5817,15.4455,0.08563
695,-0.5821,15.4442,0.08563
696,-0.5826,15.443,0.08562
697,-0.5831,15.4417,0.08562
698,-0.5836,15.4405,0.08561
699,-0.5841,15.4393,0.08561
700,-0.5846,15.4381,0.0856
701,-0.5851,15.4368,0.0856
702,-0.5855,15.4356,0.08559
703,-0.586,15.4345,0.08559
704,-0.5865,15.4333,0.08558
705,-0.587,15.4321,0.08558
706,-0.5875,15.4309,0.08557
707,-0.588,15.4298,0.08556
708,-0.5884,15.4286,0.08556
709,-0.5889,15.4275,0.08555
710,-0.5894,15.4263,0.08555
711,-0.5899,15.4252,0.08554
712,-0.5904,15.4241,0.08554
713,-0.5908,15.423,0.08553
714,-0.5913,15.4219,0.08553
715,-0.5918,15.4208,0.08552
716,-0.5923,15.4197,0.08552
717,-0.5927,15.4186,0.08551
718,-0.5932,15.4175,0.08551
719,-0.5937,15.4164,0.0855
720,-0.5942,15.4154,0.0855
721,-0.5946,15.4143,0.08549
722,-0.5951,15.4133,0.08549
723,-0.5956,15.4122,0.08548
724,-0.5961,15.4112,0.08548
725,-0.5965,15.4102,0.08547
726,-0.597,15.4092,0.08547
727,-0.5975,15.4082,0.08546
728,-0.5979,15.4072,0.08546
729,-0.5984,15.4062,0.08545
730,-0.5989,15.4052,0.08545
731,-0.5684,15.6881,0.08454
732,-0.5684,15.6871,0.08454
733,-0.5684,15.6861,0.08454
734,-0.5684,15.6851,0.08454
735,-0.5684,15.6841,0.08454
736,-0.5684,15.6831,0.08454
737,-0.5684,15.6822,0.08454
738,-0.5684,15.6812,0.08454
739,-0.5684,15.6802,0.08454
740,-0.5684,15.6792,0.08454
741,-0.5684,15.6782,0.08454
742,-0.5684,15.6772,0.08454
743,-0.5684,15.6763,0.08454
744,-0.5684,15.6753,0.08454
745,-0.5684,15.6743,0.08453
746,-0.5684,15.6733,0.08453
747,-0.5684,15.6724,0.08453
748,-0.5684,15.6714,0.08453
749,-0.5684,15.6704,0.08453
750,-0.5684,15.6695,0.08453
751,-0.5684,15.6685,0.08453
752,-0.5684,15.6675,0.08453
753,-0.5684,15.6666,0.08453
754,-0.5684,15.6656,0.08453
755,-0.5684,15.6646,0.08453
756,-0.5684,15.6637,0.08453
757,-0.5684,15.6627,0.08452
758,-0.5684,15.6618,0.08452
759,-0.5684,15.6608,0.08452
760,-0.5684,15.6599,0.08452
761,-0.5684,15.6589,0.08452
762,-0.5684,15.658,0.08452
763,-0.5684,15.657,0.08452
764,-0.5684,15.6561,0.08452
765,-0.5684,15.6551,0.08452
766,-0.5684,15.6542,0.08452
767,-0.5684,15.6532,0.08451
768,-0.5684,15.6523,0.08451
769,-0.5684,15.6514,0.08451
770,-0.5684,15.6504,0.08451
771,-0.5684,15.6495,0.08451
772,-0.5684,15.6486,0.08451
773,-0.5684,15.6476,0.08451
774,-0.5684,15.6467,0.08451
775,-0.5684,15.6458,0.08451
776,-0.5684,15.6448,0.08451
777,-0.5684,15.6439,0.08451
778,-0.5684,15.643,0.0845
779,-0.5684,15.6421,0.0845
780,-0.5684,15.6411,0.0845
781,-0.5684,15.6402,0.0845
782,-0.5684,15.6393,0.0845
783,-0.5684,15.6384,0.0845
784,-0.5684,15.6375,0.0845
785,-0.5684,15.6366,0.0845
786,-0.5684,15.6356,0.0845
787,-0.5684,15.6347,0.0845
788,-0.5684,15.6338,0.08449
789,-0.5684,15.6329,0.08449
790,-0.5684,15.632,0.08449
791,-0.5684,15.6311,0.08449
792,-0.5684,15.6302,0.08449
793,-0.5684,15.6293,0.08449
794,-0.5684,15.6284,0.08449
795,-0.5684,15.6275,0.08449
796,-0.5684,15.6266,0.08449
797,-0.5684,15.6257,0.08449
798,-0.5684,15.6248,0.08448
799,-0.5684,15.6239,0.08448
800,-0.5684,15.623,0.08448
801,-0.5684,15.6221,0.08448
802,-0.5684,15.6212,0.08448
803,-0.5684,15.6203,0.08448
804,-0.5684,15.6194,0.08448
805,-0.5684,15.6185,0.08448
806,-0.5684,15.6176,0.08448
807,-0.5684,15.6168,0.08448
808,-0.5684,15.6159,0.08447
809,-0.5684,15.615,0.08447
810,-0.5684,15.6141,0.08447
811,-0.5684,15.6132,0.08447
812,-0.5684,15.6123,0.08447
813,-0.5684,15.6115,0.08447
814,-0.5684,15.6106,0.08447
815,-0.5684,15.6097,0.08447
816,-0.5684,15.6088,0.08447
817,-0.5684,15.6079,0.08447
818,-0.5684,15.6071,0.08447
819,-0.5684,15.6062,0.08447
820,-0.5684,15.6053,0.08446
821,-0.5684,15.6044,0.08446
822,-0.5684,15.6036,0.08446
823,-0.5684,15.6027,0.08446
824,-0.5684,15.6018,0.08446
825,-0.5684,15.601,0.08446
826,-0.5684,15.6001,0.08446
827,-0.5684,15.5992,0.08446
828,-0.5684,15.5984,0.08446
829,-0.5684,15.5975,0.08446
830,-0.5684,15.5966,0.08446
831,-0.5684,15.5958,0.08446
832,-0.5684,15.5949,0.08445
833,-0.5684,15.5941,0.08445
834,-0.5684,15.5932,0.08445
835,-0.5684,15.5923,0.08445
836,-0.5684,15.5915,0.08445
837,-0.5684,15.5906,0.08445
838,-0.5684,15.5898,0.08445
839,-0.5684,15.5889,0.08445
840,-0.5684,15.5881,0.08445
841,-0.5684,15.5872,0.08445
842,-0.5684,15.5863,0.08445
843,-0.5684,15.5855,0.08445
844,-0.5684,15.5846,0.08445
845,-0.5684,15.5838,0.08445
846,-0.5684,15.5829,0.08444
847,-0.5684,15.5821,0.08444
848,-0.5684,15.5812,0.08444
849,-0.5684,15.5804,0.08444
850,-0.5684,15.5796,0.08444
851,-0.5684,15.5787,0.08444
852,-0.5684,15.5779,0.08444
853,-0.5684,15.577,0.08444
854,-0.5684,15.5762,0.08444
855,-0.5684,15.5753,0.08444
856,-0.5684,15.5745,0.08444
857,-0.5684,15.5737,0.08444
858,-0.5684,15.5728,0.08444
859,-0.5684,15.572,0.08444
860,-0.5684,15.5711,0.08444
861,-0.5684,15.5703,0.08444
862,-0.5684,15.5695,0.08444
863,-0.5684,15.5686,0.08444
864,-0.5684,15.5678,0.08443
865,-0.5684,15.567,0.08443
866,-0.5684,15.5661,0.08443
867,-0.5684,15.5653,0.08443
868,-0.5684,15.5645,0.08443
869,-0.5684,15.5636,0.08443
870,-0.5684,15.5628,0.08443
871,-0.5684,15.562,0.08443
872,-0.5684,15.5611,0.08443
873,-0.5684,15.5603,0.08443
874,-0.5684,15.5595,0.08443
875,-0.5684,15.5587,0.08443
876,-0.5684,15.5578,0.08443
877,-0.5684,15.557,0.08443
878,-0.5684,15.5562,0.08443
879,-0.5684,15.5554,0.08443
880,-0.5684,15.5545,0.08443
881,-0.5684,15.5537,0.08443
882,-0.5684,15.5529,0.08443
883,-0.5684,15.5521,0.08443
884,-0.5684,15.5513,0.08443
885,-0.5684,15.5504,0.08443
886,-0.5684,15.5496,0.08443
887,-0.5684,15.5488,0.08443
888,-0.5684,15.548,0.08443
889,-0.5684,15.5472,0.08443
890,-0.5684,15.5463,0.08443
891,-0.5684,15.5455,0.08443
892,-0.5684,15.5447,0.08443
893,-0.5684,15.5439,0.08443
894,-0.5684,15.5431,0.08443
895,-0.5684,15.5423,0.08443
896,-0.5684,15.5414,0.08443
897,-0.5684,15.5406,0.08443
898,-0.5684,15.5398,0.08443
899,-0.5684,15.539,0.08443
900,-0.5684,15.5382,0.08443
901,-0.5684,15.5374,0.08443
902,-0.5684,15.5366,0.08443
903,-0.5684,15.5358,0.08443
904,-0.5684,15.535,0.08443
905,-0.5684,15.5341,0.08443
906,-0.5684,15.5333,0.08443
907,-0.5684,15.5325,0.08443
908,-0.5684,15.5317,0.08444
909,-0.5684,15.5309,0.08444
910,-0.5684,15.5301,0.08444
911,-0.5684,15.5293,0.08444
912,-0.5684,15.5285,0.08444
913,-0.5684,15.5277,0.08444
914,-0.5684,15.5269,0.08444
915,-0.5684,15.5261,0.08444
916,-0.5684,15.5253,0.08444
917,-0.5684,15.5245,0.08444
918,-0.5684,15.5237,0.08444
919,-0.5684,15.5229,0.08444
920,-0.5684,15.5221,0.08444
921,-0.5684,15.5213,0.08445
922,-0.5684,15.5205,0.08445
923,-0.5684,15.5197,0.08445
924,-0.5684,15.5189,0.08445
925,-0.5684,15.5181,0.08445
926,-0.5684,15.5173,0.08445
927,-0.5684,15.5165,0.08445
928,-0.5684,15.5157,0.08445
929,-0.5684,15.5149,0.08445
930,-0.5684,15.5141,0.08446
931,-0.5684,15.5133,0.08446
932,-0.5684,15.5125,0.08446
933,-0.5684,15.5117,0.08446
934,-0.5684,15.5109,0.08446
935,-0.5684,15.5101,0.08446
936,-0.5684,15.5093,0.08446
937,-0.5684,15.5086,0.08447
938,-0.5684,15.5078,0.08447
939,-0.5684,15.507,0.08447
940,-0.5684,15.5062,0.08447
941,-0.5684,15.5054,0.08447
942,-0.5684,15.5046,0.08447
943,-0.5684,15.5038,0.08448
944,-0.5684,15.503,0.08448
945,-0.5684,15.5023,0.08448
946,-0.5684,15.5015,0.08448
947,-0.5684,15.5007,0.08448
948,-0.5684,15.4999,0.08448
949,-0.5684,15.4991,0.08449
950,-0.5684,15.4983,0.08449
951,-0.5684,15.4976,0.08449
952,-0.5684,15.4968,0.08449
953,-0.5684,15.496,0.0845
954,-0.5684,15.4952,0.0845
955,-0.5684,15.4944,0.0845
956,-0.5684,15.4937,0.0845
957,-0.5684,15.4929,0.0845
958,-0.5684,15.4921,0.08451
959,-0.5684,15.4913,0.08451
960,-0.5684,15.4906,0.08451
961,-0.5684,15.4898,0.08451
962,-0.5684,15.489,0.08452
963,-0.5684,15.4883,0.08452
964,-0.5684,15.4875,0.08452
965,-0.5684,15.4867,0.08452
966,-0.5684,15.4859,0.08453
967,-0.5684,15.4852,0.08453
968,-0.5684,15.4844,0.08453
969,-0.5684,15.4836,0.08454
970,-0.5684,15.4829,0.08454
971,-0.5684,15.4821,0.08454
972,-0.5684,15.4814,0.08455
973,-0.5684,15.4806,0.08455
974,-0.5684,15.4798,0.08455
975,-0.5684,15.4791,0.08455
976,-0.5684,15.4783,0.08456
977,-0.5684,15.4776,0.08456
978,-0.5684,15.4768,0.08456
979,-0.5684,15.476,0.08457
980,-0.5684,15.4753,0.08457
981,-0.5684,15.4745,0.08457
982,-0.5684,15.4738,0.08458
983,-0.5684,15.473,0.08458
984,-0.5684,15.4723,0.08459
985,-0.5684,15.4715,0.08459
986,-0.5684,15.4708,0.08459
987,-0.5684,15.47,0.0846
988,-0.5684,15.4693,0.0846
989,-0.5684,15.4685,0.0846
990,-0.5684,15.4678,0.08461
991,-0.5684,15.467,0.08461
992,-0.5684,15.4663,0.08462
993,-0.5684,15.4656,0.08462
994,-0.5684,15.4648,0.08462
995,-0.5684,15.4641,0.08463
996,-0.5684,15.4633,0.08463
997,-0.5684,15.4626,0.08464
998,-0.5684,15.4619,0.08464
999,-0.5684,15.4611,0.08465
1000,-0.5684,15.4604,0.08465
1001,-0.5684,15.4597,0.08465
1002,-0.5684,15.4589,0.08466
1003,-0.5684,15.4582,0.08466
1004,-0.5684,15.4575,0.08467
1005,-0.5684,15.4568,0.08467
1006,-0.5684,15.456,0.08468
1007,-0.5684,15.4553,0.08468
1008,-0.5684,15.4546,0.08469
1009,-0.5684,15.4539,0.08469
1010,-0.5684,15.4531,0.0847
1011,-0.5684,15.4524,0.0847
1012,-0.5684,15.4517,0.08471
1013,-0.5684,15.451,0.08471
1014,-0.5684,15.4503,0.08472
1015,-0.5684,15.4495,0.08472
1016,-0.5684,15.4488,0.08473
1017,-0.5684,15.4481,0.08473
1018,-0.5684,15.4474,0.08474
1019,-0.5684,15.4467,0.08474
1020,-0.5684,15.446,0.08475
1021,-0.5684,15.4453,0.08476
1022,-0.5684,15.4446,0.08476
1023,-0.5684,15.4439,0.08477
1024,-0.5684,15.4432,0.08477
1025,-0.5684,15.4425,0.08478
1026,-0.5684,15.4418,0.08478
1027,-0.5684,15.4411,0.08479
1028,-0.5684,15.4404,0.0848
1029,-0.5684,15.4397,0.0848
1030,-0.5684,15.439,0.08481
1031,-0.5684,15.4383,0.08482
1032,-0.5684,15.4376,0.08482
1033,-0.5684,15.4369,0.08483
1034,-0.5684,15.4362,0.08483
1035,-0.5684,15.4355,0.08484
1036,-0.5684,15.4349,0.08485
1037,-0.5684,15.4342,0.08485
1038,-0.5684,15.4335,0.08486
1039,-0.5684,15.4328,0.08487
1040,-0.5684,15.4321,0.08487
1041,-0.5684,15.4315,0.08488
1042,-0.5684,15.4308,0.08489
1043,-0.5684,15.4301,0.08489
1044,-0.5684,15.4294,0.0849
1045,-0.5684,15.4288,0.08491
1046,-0.5684,15.4281,0.08492
1047,-0.5684,15.4274,0.08492
1048,-0.5684,15.4268,0.08493
1049,-0.5684,15.4261,0.08494
1050,-0.5684,15.4254,0.08494
1051,-0.5684,15.4248,0.08495
1052,-0.5684,15.4241,0.08496
1053,-0.5684,15.4234,0.08497
1054,-0.5684,15.4228,0.08497
1055,-0.5684,15.4221,0.08498
1056,-0.5684,15.4215,0.08499
1057,-0.5684,15.4208,0.085
1058,-0.5684,15.4202,0.08501
1059,-0.5684,15.4195,0.08501
1060,-0.5684,15.4189,0.08502
1061,-0.5684,15.4182,0.08503
1062,-0.5684,15.4176,0.08504
1063,-0.5684,15.4169,0.08505
1064,-0.5684,15.4163,0.08505
1065,-0.5684,15.4157,0.08506
1066,-0.5684,15.415,0.08507
1067,-0.5684,15.4144,0.08508
1068,-0.5684,15.4137,0.08509
1069,-0.5684,15.4131,0.0851
1070,-0.5684,15.4125,0.0851
1071,-0.5684,15.4119,0.08511
1072,-0.5684,15.4112,0.08512
1073,-0.5684,15.4106,0.08513
1074,-0.5684,15.41,0.08514
1075,-0.5684,15.4093,0.08515
1076,-0.5684,15.4087,0.08516
1077,-0.5684,15.4081,0.08517
1078,-0.5684,15.4075,0.08517
1079,-0.5684,15.4069,0.08518
1080,-0.5684,15.4063,0.08519
1081,-0.5684,15.4056,0.0852
1082,-0.5684,15.405,0.08521
1083,-0.5684,15.4044,0.08522
1084,-0.5684,15.4038,0.08523
1085,-0.5684,15.4032,0.08524
1086,-0.5684,15.4026,0.08525
1087,-0.5684,15.402,0.08526
1088,-0.5684,15.4014,0.08527
1089,-0.5684,15.4008,0.08528
1090,-0.5684,15.4002,0.08529
1091,-0.5684,15.3996,0.0853
1092,-0.5684,15.399,0.08531
1093,-0.5684,15.3984,0.08532
1094,-0.5684,15.3978,0.08533
1095,-0.5684,15.3972,0.08534
1096,-0.5684,15.3966,0.08535
1097,-0.5684,15.396,0.08536
1098,-0.5684,15.3954,0.08537
1099,-0.5684,15.3949,0.08538
1100,-0.5684,15.3943,0.08539
1101,-0.5684,15.3937,0.0854
1102,-0.5684,15.3931,0.08541
1103,-0.5684,15.3925,0.08542
1104,-0.5684,15.392,0.08543
1105,-0.5684,15.3914,0.08544
1106,-0.5684,15.3908,0.08545
1107,-0.5684,15.3902,0.08547
1108,-0.5684,15.3897,0.08548
1109,-0.5684,15.3891,0.08549
1110,-0.5684,15.3885,0.0855
1111,-0.5684,15.388,0.08551
1112,-0.5684,15.3874,0.08552
1113,-0.5684,15.3868,0.08553
1114,-0.5684,15.3863,0.08554
1115,-0.5684,15.3857,0.08556
1116,-0.5684,15.3852,0.08557
1117,-0.5684,15.3846,0.08558
1118,-0.5684,15.384,0.08559
1119,-0.5684,15.3835,0.0856
1120,-0.5684,15.3829,0.08561
1121,-0.5684,15.3824,0.08563
1122,-0.5684,15.3818,0.08564
1123,-0.5684,15.3813,0.08565
1124,-0.5684,15.3808,0.08566
1125,-0.5684,15.3802,0.08567
1126,-0.5684,15.3797,0.08569
1127,-0.5684,15.3791,0.0857
1128,-0.5684,15.3786,0.08571
1129,-0.5684,15.378,0.08572
1130,-0.5684,15.3775,0.08574
1131,-0.5684,15.377,0.08575
1132,-0.5684,15.3764,0.08576
1133,-0.5684,15.3759,0.08577
1134,-0.5684,15.3754,0.08579
1135,-0.5684,15.3748,0.0858
1136,-0.5684,15.3743,0.08581
1137,-0.5684,15.3738,0.08582
1138,-0.5684,15.3733,0.08584
1139,-0.5684,15.3727,0.08585
1140,-0.5684,15.3722,0.08586
1141,-0.5684,15.3717,0.08588
1142,-0.5684,15.3712,0.08589
1143,-0.5684,15.3707,0.0859
1144,-0.5684,15.3702,0.08592
1145,-0.5684,15.3696,0.08593
1146,-0.5684,15.3691,0.08594
1147,-0.5684,15.3686,0.08596
1148,-0.5684,15.3681,0.08597
1149,-0.5684,15.3676,0.08598
1150,-0.5684,15.3671,0.086
1151,-0.5684,15.3666,0.08601
1152,-0.5684,15.3661,0.08602
1153,-0.5684,15.3656,0.08604
1154,-0.5684,15.3651,0.08605
1155,-0.5684,15.3646,0.08606
1156,-0.5684,15.3641,0.08608
1157,-0.5684,15.3636,0.08609
1158,-0.5684,15.3631,0.08611
1159,-0.5684,15.3626,0.08612
1160,-0.5684,15.3621,0.08614
1161,-0.5684,15.3616,0.08615
1162,-0.5684,15.3611,0.08616
1163,-0.5684,15.3606,0.08618
1164,-0.5684,15.3601,0.08619
1165,-0.5684,15.3597,0.08621
1166,-0.5684,15.3592,0.08622
1167,-0.5684,15.3587,0.08624
1168,-0.5684,15.3582,0.08625
1169,-0.5684,15.3577,0.08627
1170,-0.5684,15.3572,0.08628
1171,-0.5684,15.3568,0.08629
1172,-0.5684,15.3563,0.08631
1173,-0.5684,15.3558,0.08632
1174,-0.5684,15.3553,0.08634
1175,-0.5684,15.3549,0.08635
1176,-0.5684,15.3544,0.08637
1177,-0.5684,15.3539,0.08638
1178,-0.5684,15.3535,0.0864
1179,-0.5684,15.353,0.08641
1180,-0.5684,15.3525,0.08643
1181,-0.5684,15.3521,0.08645
1182,-0.5684,15.3516,0.08646
1183,-0.5684,15.3511,0.08648
1184,-0.5684,15.3507,0.08649
1185,-0.5684,15.3502,0.08651
1186,-0.5684,15.3497,0.08652
1187,-0.5684,15.3493,0.08654
1188,-0.5684,15.3488,0.08655
1189,-0.5684,15.3484,0.08657
1190,-0.5684,15.3479,0.08659
1191,-0.5684,15.3475,0.0866
1192,-0.5684,15.347,0.08662
1193,-0.5684,15.3465,0.08663
1194,-0.5684,15.3461,0.08665
1195,-0.5684,15.3456,0.08666
1196,-0.5684,15.3452,0.08668
1197,-0.5684,15.3448,0.0867
1198,-0.5684,15.3443,0.08671
1199,-0.5684,15.3439,0.08673
1200,-0.5684,15.3434,0.08675
1201,-0.5684,15.343,0.08676
1202,-0.5684,15.3425,0.08678
1203,-0.5684,15.3421,0.08679
1204,-0.5684,15.3416,0.08681
1205,-0.5684,15.3412,0.08683
1206,-0.5684,15.3408,0.08684
1207,-0.5684,15.3403,0.08686
1208,-0.5684,15.3399,0.08688
1209,-0.5684,15.3395,0.08689
1210,-0.5684,15.339,0.08691
1211,-0.5684,15.3386,0.08693
1212,-0.5684,15.3382,0.08694
1213,-0.5684,15.3377,0.08696
1214,-0.5684,15.3373,0.08698
1215,-0.5684,15.3369,0.08699
1216,-0.5684,15.3364,0.08701
1217,-0.5684,15.336,0.08703
1218,-0.5684,15.3356,0.08704
1219,-0.5684,15.3352,0.08706
1220,-0.5684,15.3347,0.08708
1221,-0.5684,15.3343,0.0871
1222,-0.5684,15.3339,0.08711
1223,-0.5684,15.3335,0.08713
1224,-0.5684,15.3331,0.08715
1225,-0.5684,15.3326,0.08716
1226,-0.5684,15.3322,0.08718
1227,-0.5684,15.3318,0.0872
1228,-0.5684,15.3314,0.08722
1229,-0.5684,15.331,0.08723
1230,-0.5684,15.3306,0.08725
1231,-0.5684,15.3301,0.08727
1232,-0.5684,15.3297,0.08729
1233,-0.5684,15.3293,0.0873
1234,-0.5684,15.3289,0.08732
1235,-0.5684,15.3285,0.08734
1236,-0.5684,15.3281,0.08736
1237,-0.5684,15.3277,0.08737
1238,-0.5684,15.3273,0.08739
1239,-0.5684,15.3269,0.08741
1240,-0.5684,15.3265,0.08743
1241,-0.5684,15.3261,0.08745
1242,-0.5684,15.3257,0.08746
1243,-0.5684,15.3252,0.08748
1244,-0.5684,15.3248,0.0875
1245,-0.5684,15.3244,0.08752
1246,-0.5684,15.324,0.08753
1247,-0.5684,15.3236,0.08755
1248,-0.5684,15.3233,0.08757
1249,-0.5684,15.3229,0.08759
1250,-0.5684,15.3225,0.08761
1251,-0.5684,15.3221,0.08763
1252,-0.5684,15.3217,0.08764
1253,-0.5684,15.3213,0.08766
1254,-0.5684,15.3209,0.08768
1255,-0.5684,15.3205,0.0877
1256,-0.5684,15.3201,0.08772
1257,-0.5684,15.3197,0.08773
1258,-0.5684,15.3193,0.08775
1259,-0.5684,15.3189,0.08777
1260,-0.5684,15.3185,0.08779
1261,-0.5684,15.3182,0.08781
1262,-0.5684,15.3178,0.08783
1263,-0.5684,15.3174,0.08785
1264,-0.5684,15.317,0.08786
1265,-0.5684,15.3166,0.08788
1266,-0.5684,15.3162,0.0879
1267,-0.5684,15.3159,0.08792
1268,-0.5684,15.3155,0.08794
1269,-0.5684,15.3151,0.08796
1270,-0.5684,15.3147,0.08798
1271,-0.5684,15.3143,0.08799
1272,-0.5684,15.314,0.08801
1273,-0.5684,15.3136,0.08803
1274,-0.5684,15.3132,0.08805
1275,-0.5684,15.3128,0.08807
1276,-0.5684,15.3125,0.08809
1277,-0.5684,15.3121,0.08811
1278,-0.5684,15.3117,0.08813
1279,-0.5684,15.3114,0.08814
1280,-0.5684,15.311,0.08816
1281,-0.5684,15.3106,0.08818
1282,-0.5684,15.3102,0.0882
1283,-0.5684,15.3099,0.08822
1284,-0.5684,15.3095,0.08824
1285,-0.5684,15.3091,0.08826
1286,-0.5684,15.3088,0.08828
1287,-0.5684,15.3084,0.0883
1288,-0.5684,15.308,0.08832
1289,-0.5684,15.3077,0.08833
1290,-0.5684,15.3073,0.08835
1291,-0.5684,15.307,0.08837
1292,-0.5684,15.3066,0.08839
1293,-0.5684,15.3062,0.08841
1294,-0.5684,15.3059,0.08843
1295,-0.5684,15.3055,0.08845
1296,-0.5684,15.3052,0.08847
1297,-0.5684,15.3048,0.08849
1298,-0.5684,15.3044,0.08851
1299,-0.5684,15.3041,0.08853
1300,-0.5684,15.3037,0.08855
1301,-0.5684,15.3034,0.08857
1302,-0.5684,15.303,0.08859
1303,-0.5684,15.3027,0.0886
1304,-0.5684,15.3023,0.08862
1305,-0.5684,15.302,0.08864
1306,-0.5684,15.3016,0.08866
1307,-0.5684,15.3013,0.08868
1308,-0.5684,15.3009,0.0887
1309,-0.5684,15.3006,0.08872
1310,-0.5684,15.3002,0.08874
1311,-0.5684,15.2999,0.08876
1312,-0.5684,15.2996,0.08878
1313,-0.5684,15.2992,0.0888
1314,-0.5684,15.2989,0.08882
1315,-0.5684,15.2985,0.08884
1316,-0.5684,15.2982,0.08886
1317,-0.5684,15.2978,0.08888
1318,-0.5684,15.2975,0.0889
1319,-0.5684,15.2972,0.08892
1320,-0.5684,15.2968,0.08894
1321,-0.5684,15.2965,0.08896
1322,-0.5684,15.2962,0.08898
1323,-0.5684,15.2958,0.089
1324,-0.5684,15.2955,0.08901
1325,-0.5684,15.2952,0.08903
1326,-0.5684,15.2948,0.08905
1327,-0.5684,15.2945,0.08907
1328,-0.5684,15.2942,0.08909
1329,-0.5684,15.2938,0.08911
1330,-0.5684,15.2935,0.08913
1331,-0.5684,15.2932,0.08915
1332,-0.5684,15.2929,0.08917
1333,-0.5684,15.2925,0.08919
1334,-0.5684,15.2922,0.08921
1335,-0.5684,15.2919,0.08923
1336,-0.5684,15.2916,0.08925
1337,-0.5684,15.2913,0.08927
1338,-0.5684,15.2909,0.08929
1339,-0.5684,15.2906,0.08931
1340,-0.5684,15.2903,0.08933
1341,-0.5684,15.29,0.08935
1342,-0.5684,15.2897,0.08937
1343,-0.5684,15.2894,0.08939
1344,-0.5684,15.289,0.08941
1345,-0.5684,15.2887,0.08943
1346,-0.5684,15.2884,0.08945
1347,-0.5684,15.2881,0.08947
1348,-0.5684,15.2878,0.08949
1349,-0.5684,15.2875,0.08951
1350,-0.5684,15.2872,0.08953
1351,-0.5684,15.2869,0.08955
1352,-0.5684,15.2866,0.08957
1353,-0.5684,15.2863,0.08959
1354,-0.5684,15.286,0.08961
1355,-0.5684,15.2857,0.08963
1356,-0.5684,15.2854,0.08964
1357,-0.5684,15.2851,0.08966
1358,-0.5684,15.2848,0.08968
1359,-0.5684,15.2845,0.0897
1360,-0.5684,15.2842,0.08972
1361,-0.5684,15.2839,0.08974
1362,-0.5684,15.2836,0.08976
1363,-0.5684,15.2833,0.08978
1364,-0.5684,15.283,0.0898
1365,-0.5684,15.2827,0.08982
1366,-0.5684,15.2824,0.08984
1367,-0.5684,15.2821,0.08986
1368,-0.5684,15.2818,0.08988
1369,-0.5684,15.2816,0.0899
1370,-0.5684,15.2813,0.08992
1371,-0.5684,15.281,0.08994
1372,-0.5684,15.2807,0.08996
1373,-0.5684,15.2804,0.08998
1374,-0.5684,15.2801,0.09
1375,-0.5684,15.2799,0.09002
1376,-0.5684,15.2796,0.09004
1377,-0.5684,15.2793,0.09006
1378,-0.5684,15.279,0.09008
1379,-0.5684,15.2788,0.0901
1380,-0.5684,15.2785,0.09012
1381,-0.5684,15.2782,0.09013
1382,-0.5684,15.2779,0.09015
1383,-0.5684,15.2777,0.09017
1384,-0.5684,15.2774,0.09019
1385,-0.5684,15.2771,0.09021
1386,-0.5684,15.2769,0.09023
1387,-0.5684,15.2766,0.09025
1388,-0.5684,15.2763,0.09027
1389,-0.5684,15.2761,0.09029
1390,-0.5684,15.2758,0.09031
1391,-0.5684,15.2755,0.09033
1392,-0.5684,15.2753,0.09035
1393,-0.5684,15.275,0.09037
1394,-0.5684,15.2748,0.09039
1395,-0.5684,15.2745,0.09041
1396,-0.5684,15.2742,0.09043
1397,-0.5684,15.274,0.09045
1398,-0.5684,15.2737,0.09047
1399,-0.5684,15.2735,0.09049
1400,-0.5684,15.2732,0.0905
1401,-0.5684,15.273,0.09052
1402,-0.5684,15.2727,0.09054
1403,-0.5684,15.2725,0.09056
1404,-0.5684,15.2722,0.09058
1405,-0.5684,15.272,0.0906
1406,-0.5684,15.2717,0.09062
1407,-0.5684,15.2715,0.09064
1408,-0.5684,15.2713,0.09066
1409,-0.5684,15.271,0.09068
1410,-0.5684,15.2708,0.0907
1411,-0.5684,15.2705,0.09072
1412,-0.5684,15.2703,0.09074
1413,-0.5684,15.2701,0.09076
1414,-0.5684,15.2698,0.09078
1415,-0.5684,15.2696,0.0908
1416,-0.5684,15.2694,0.09081
1417,-0.5684,15.2691,0.09083
1418,-0.5684,15.2689,0.09085
1419,-0.5684,15.2687,0.09087
1420,-0.5684,15.2685,0.09089
1421,-0.5684,15.2682,0.09091
1422,-0.5684,15.268,0.09093
1423,-0.5684,15.2678,0.09095
1424,-0.5684,15.2676,0.09097
1425,-0.5684,15.2673,0.09099
1426,-0.5684,15.2671,0.09101
1427,-0.5684,15.2669,0.09103
1428,-0.5684,15.2667,0.09105
1429,-0.5684,15.2665,0.09107
1430,-0.5684,15.2662,0.09109
1431,-0.5684,15.266,0.0911
1432,-0.5684,15.2658,0.09112
1433,-0.5684,15.2656,0.09114
1434,-0.5684,15.2654,0.09116
1435,-0.5684,15.2652,0.09118
1436,-0.5684,15.265,0.0912
1437,-0.5684,15.2648,0.09122
1438,-0.5684,15.2646,0.09124
1439,-0.5684,15.2644,0.09126
1440,-0.5684,15.2642,0.09128
1441,-0.5684,15.264,0.0913
1442,-0.5684,15.2638,0.09132
1443,-0.5684,15.2636,0.09134
1444,-0.5684,15.2634,0.09136
1445,-0.5684,15.2632,0.09138
1446,-0.5684,15.263,0.09139
1447,-0.5684,15.2628,0.09141
1448,-0.5684,15.2626,0.09143
1449,-0.5684,15.2624,0.09145
1450,-0.5684,15.2622,0.09147
1451,-0.5684,15.262,0.09149
1452,-0.5684,15.2619,0.09151
1453,-0.5684,15.2617,0.09153
1454,-0.5684,15.2615,0.09155
1455,-0.5684,15.2613,0.09157
1456,-0.5684,15.2611,0.09159
1457,-0.5684,15.2609,0.09161
1458,-0.5684,15.2608,0.09163
1459,-0.5684,15.2606,0.09165
1460,-0.5684,15.2604,0.09167
1461,-0.5684,15.2602,0.09168
1462,-0.5684,15.2601,0.0917
1463,-0.5684,15.2599,0.09172
1464,-0.5684,15.2597,0.09174
1465,-0.5684,15.2596,0.09176
1466,-0.5684,15.2594,0.09178
1467,-0.5684,15.2592,0.0918
1468,-0.5684,15.2591,0.09182
1469,-0.5684,15.2589,0.09184
1470,-0.5684,15.2587,0.09186
1471,-0.5684,15.2586,0.09188
1472,-0.5684,15.2584,0.0919
1473,-0.5684,15.2583,0.09192
1474,-0.5684,15.2581,0.09194
1475,-0.5684,15.2579,0.09196
1476,-0.5684,15.2578,0.09198
1477,-0.5684,15.2576,0.092
1478,-0.5684,15.2575,0.09201
1479,-0.5684,15.2573,0.09203
1480,-0.5684,15.2572,0.09205
1481,-0.5684,15.257,0.09207
1482,-0.5684,15.2569,0.09209
1483,-0.5684,15.2568,0.09211
1484,-0.5684,15.2566,0.09213
1485,-0.5684,15.2565,0.09215
1486,-0.5684,15.2563,0.09217
1487,-0.5684,15.2562,0.09219
1488,-0.5684,15.2561,0.09221
1489,-0.5684,15.2559,0.09223
1490,-0.5684,15.2558,0.09225
1491,-0.5684,15.2557,0.09227
1492,-0.5684,15.2555,0.09229
1493,-0.5684,15.2554,0.09231
1494,-0.5684,15.2553,0.09232
1495,-0.5684,15.2551,0.09234
1496,-0.5684,15.255,0.09236
1497,-0.5684,15.2549,0.09238
1498,-0.5684,15.2548,0.0924
1499,-0.5684,15.2547,0.09242
1500,-0.5684,15.2545,0.09244
1501,-0.5684,15.2544,0.09246
1502,-0.5684,15.2543,0.09248
1503,-0.5684,15.2542,0.0925
1504,-0.5684,15.2541,0.09252
1505,-0.5684,15.254,0.09254
1506,-0.5684,15.2538,0.09256
1507,-0.5684,15.2537,0.09258
1508,-0.5684,15.2536,0.0926
1509,-0.5684,15.2535,0.09262
1510,-0.5684,15.2534,0.09263
1511,-0.5684,15.2533,0.09265
1512,-0.5684,15.2532,0.09267
1513,-0.5684,15.2531,0.09269
1514,-0.5684,15.253,0.09271
1515,-0.5684,15.2529,0.09273
1516,-0.5684,15.2528,0.09275
1517,-0.5684,15.2527,0.09277
1518,-0.5684,15.2526,0.09279
1519,-0.5684,15.2525,0.09281
1520,-0.5684,15.2525,0.09283
1521,-0.5684,15.2524,0.09285
1522,-0.5684,15.2523,0.09287
1523,-0.5684,15.2522,0.09289
1524,-0.5684,15.2521,0.09291
1525,-0.5684,15.252,0.09292
1526,-0.5684,15.2519,0.09294
1527,-0.5684,15.2519,0.09296
1528,-0.5684,15.2518,0.09298
1529,-0.5684,15.2517,0.093
1530,-0.5684,15.2516,0.09302
1531,-0.5684,15.2515,0.09304
1532,-0.5684,15.2515,0.09306
1533,-0.5684,15.2514,0.09308
1534,-0.5684,15.2513,0.0931
1535,-0.5684,15.2513,0.09312
1536,-0.5684,15.2512,0.09314
1537,-0.5684,15.2511,0.09316
1538,-0.5684,15.2511,0.09318
1539,-0.5684,15.251,0.0932
1540,-0.5684,15.2509,0.09321
1541,-0.5684,15.2509,0.09323
1542,-0.5684,15.2508,0.09325
1543,-0.5684,15.2508,0.09327
1544,-0.5684,15.2507,0.09329
1545,-0.5684,15.2507,0.09331
1546,-0.5684,15.2506,0.09333
1547,-0.5684,15.2506,0.09335
1548,-0.5684,15.2505,0.09337
1549,-0.5684,15.2505,0.09339
1550,-0.5684,15.2504,0.09341
1551,-0.5684,15.2504,0.09343
1552,-0.5684,15.2503,0.09345
1553,-0.5684,15.2503,0.09346
1554,-0.5684,15.2502,0.09348
1555,-0.5684,15.2502,0.0935
1556,-0.5684,15.2502,0.09352
1557,-0.5684,15.2501,0.09354
1558,-0.5684,15.2501,0.09356
1559,-0.5684,15.25,0.09358
1560,-0.5684,15.25,0.0936
1561,-0.5684,15.25,0.09362
1562,-0.5684,15.25,0.09364
1563,-0.5684,15.2499,0.09366
1564,-0.5684,15.2499,0.09368
1565,-0.5684,15.2499,0.09369
1566,-0.5684,15.2498,0.09371
1567,-0.5684,15.2498,0.09373
1568,-0.5684,15.2498,0.09375
1569,-0.5684,15.2498,0.09377
1570,-0.5684,15.2498,0.09379
1571,-0.5684,15.2497,0.09381
1572,-0.5684,15.2497,0.09383
1573,-0.5684,15.2497,0.09385
1574,-0.5684,15.2497,0.09387
1575,-0.5684,15.2497,0.09388
1576,-0.5684,15.2497,0.0939
1577,-0.5684,15.2497,0.09392
1578,-0.5684,15.2497,0.09394
1579,-0.5684,15.2497,0.09396
1580,-0.5684,15.2497,0.09398
1581,-0.5684,15.2496,0.094
1582,-0.5684,15.2496,0.09402
1583,-0.5684,15.2496,0.09404
1584,-0.5684,15.2496,0.09406
1585,-0.5684,15.2496,0.09407
1586,-0.5684,15.2497,0.09409
1587,-0.5684,15.2497,0.09411
1588,-0.5684,15.2497,0.09413
1589,-0.5684,15.2497,0.09415
1590,-0.5684,15.2497,0.09417
1591,-0.5684,15.2497,0.09419
1592,-0.5684,15.2497,0.09421
1593,-0.5684,15.2497,0.09422
1594,-0.5684,15.2497,0.09424
1595,-0.5684,15.2497,0.09426
1596,-0.5684,15.2498,0.09428
1597,-0.5684,15.2498,0.0943
1598,-0.5684,15.2498,0.09432
1599,-0.5684,15.2498,0.09434
1600,-0.5684,15.2498,0.09436
1601,-0.5684,15.2499,0.09437
1602,-0.5684,15.2499,0.09439
1603,-0.5684,15.2499,0.09441
1604,-0.5684,15.2499,0.09443
1605,-0.5684,15.25,0.09445
1606,-0.5684,15.25,0.09447
1607,-0.5684,15.25,0.09449
1608,-0.5684,15.25,0.0945
1609,-0.5684,15.2501,0.09452
1610,-0.5684,15.2501,0.09454
1611,-0.5684,15.2501,0.09456
1612,-0.5684,15.2502,0.09458
1613,-0.5684,15.2502,0.0946
1614,-0.5684,15.2502,0.09461
1615,-0.5684,15.2503,0.09463
1616,-0.5684,15.2503,0.09465
1617,-0.5684,15.2504,0.09467
1618,-0.5684,15.2504,0.09469
1619,-0.5684,15.2505,0.09471
1620,-0.5684,15.2505,0.09472
1621,-0.5684,15.2505,0.09474
1622,-0.5684,15.2506,0.09476
1623,-0.5684,15.2506,0.09478
1624,-0.5684,15.2507,0.0948
1625,-0.5684,15.2507,0.09481
1626,-0.5684,15.2508,0.09483
1627,-0.5684,15.2508,0.09485
1628,-0.5684,15.2509,0.09487
1629,-0.5684,15.2509,0.09489
1630,-0.5684,15.251,0.09491
1631,-0.5684,15.2511,0.09492
1632,-0.5684,15.2511,0.09494
1633,-0.5684,15.2512,0.09496
1634,-0.5684,15.2512,0.09498
1635,-0.5684,15.2513,0.095
1636,-0.5684,15.2514,0.09501
1637,-0.5684,15.2514,0.09503
1638,-0.5684,15.2515,0.09505
1639,-0.5684,15.2515,0.09507
1640,-0.5684,15.2516,0.09508
1641,-0.5684,15.2517,0.0951
1642,-0.5684,15.2517,0.09512
1643,-0.5684,15.2518,0.09514
1644,-0.5684,15.2519,0.09516
1645,-0.5684,15.2519,0.09517
1646,-0.5684,15.252,0.09519
1647,-0.5684,15.2521,0.09521
1648,-0.5684,15.2522,0.09523
1649,-0.5684,15.2522,0.09524
1650,-0.5684,15.2523,0.09526
1651,-0.5684,15.2524,0.09528
1652,-0.5684,15.2525,0.0953
1653,-0.5684,15.2525,0.09531
1654,-0.5684,15.2526,0.09533
1655,-0.5684,15.2527,0.09535
1656,-0.5684,15.2528,0.09537
1657,-0.5684,15.2529,0.09538
1658,-0.5684,15.2529,0.0954
1659,-0.5684,15.253,0.09542
1660,-0.5684,15.2531,0.09544
1661,-0.5684,15.2532,0.09545
1662,-0.5684,15.2533,0.09547
1663,-0.5684,15.2534,0.09549
1664,-0.5684,15.2534,0.0955
1665,-0.5684,15.2535,0.09552
1666,-0.5684,15.2536,0.09554
1667,-0.5684,15.2537,0.09556
1668,-0.5684,15.2538,0.09557
1669,-0.5684,15.2539,0.09559
1670,-0.5684,15.254,0.09561
1671,-0.5684,15.2541,0.09562
1672,-0.5684,15.2542,0.09564
1673,-0.5684,15.2543,0.09566
1674,-0.5684,15.2543,0.09567
1675,-0.5684,15.2544,0.09569
1676,-0.5684,15.2545,0.09571
1677,-0.5684,15.2546,0.09573
1678,-0.5684,15.2547,0.09574
1679,-0.5684,15.2548,0.09576
1680,-0.5684,15.2549,0.09578
1681,-0.5684,15.255,0.09579
1682,-0.5684,15.2551,0.09581
1683,-0.5684,15.2552,0.09583
1684,-0.5684,15.2553,0.09584
1685,-0.5684,15.2554,0.09586
1686,-0.5684,15.2555,0.09588
1687,-0.5684,15.2556,0.09589
1688,-0.5684,15.2557,0.09591
1689,-0.5684,15.2558,0.09593
1690,-0.5684,15.2559,0.09594
1691,-0.5684,15.256,0.09596
1692,-0.5684,15.2561,0.09597
1693,-0.5684,15.2563,0.09599
1694,-0.5684,15.2564,0.09601
1695,-0.5684,15.2565,0.09602
1696,-0.5684,15.2566,0.09604
1697,-0.5684,15.2567,0.09606
1698,-0.5684,15.2568,0.09607
1699,-0.5684,15.2569,0.09609
1700,-0.5684,15.257,0.0961
1701,-0.5684,15.2571,0.09612
1702,-0.5684,15.2572,0.09614
1703,-0.5684,15.2574,0.09615
1704,-0.5684,15.2575,0.09617
1705,-0.5684,15.2576,0.09618
1706,-0.5684,15.2577,0.0962
1707,-0.5684,15.2578,0.09622
1708,-0.5684,15.2579,0.09623
1709,-0.5684,15.258,0.09625
1710,-0.5684,15.2582,0.09626
1711,-0.5684,15.2583,0.09628
1712,-0.5684,15.2584,0.0963
1713,-0.5684,15.2585,0.09631
1714,-0.5684,15.2586,0.09633
1715,-0.5684,15.2587,0.09634
1716,-0.5684,15.2589,0.09636
1717,-0.5684,15.259,0.09637
1718,-0.5684,15.2591,0.09639
1719,-0.5684,15.2592,0.09641
1720,-0.5684,15.2593,0.09642
1721,-0.5684,15.2595,0.09644
1722,-0.5684,15.2596,0.09645
1723,-0.5684,15.2597,0.09647
1724,-0.5684,15.2598,0.09648
1725,-0.5684,15.2599,0.0965
1726,-0.5684,15.2601,0.09651
1727,-0.5684,15.2602,0.09653
1728,-0.5684,15.2603,0.09654
1729,-0.5684,15.2604,0.09656
1730,-0.5684,15.2606,0.09657
1731,-0.5684,15.2607,0.09659
1732,-0.5684,15.2608,0.0966
1733,-0.5684,15.261,0.09662
1734,-0.5684,15.2611,0.09663
1735,-0.5684,15.2612,0.09665
1736,-0.5684,15.2613,0.09666
1737,-0.5684,15.2615,0.09668
1738,-0.5684,15.2616,0.09669
1739,-0.5684,15.2617,0.09671
1740,-0.5684,15.2619,0.09672
1741,-0.5684,15.262,0.09674
1742,-0.5684,15.2621,0.09675
1743,-0.5684,15.2622,0.09677
1744,-0.5684,15.2624,0.09678
1745,-0.5684,15.2625,0.0968
1746,-0.5684,15.2626,0.09681
1747,-0.5684,15.2628,0.09683
1748,-0.5684,15.2629,0.09684
1749,-0.5684,15.263,0.09686
1750,-0.5684,15.2632,0.09687
1751,-0.5684,15.2633,0.09688
1752,-0.5684,15.2635,0.0969
1753,-0.5684,15.2636,0.09691
1754,-0.5684,15.2637,0.09693
1755,-0.5684,15.2639,0.09694
1756,-0.5684,15.264,0.09696
1757,-0.5684,15.2641,0.09697
1758,-0.5684,15.2643,0.09699
1759,-0.5684,15.2644,0.097
1760,-0.5684,15.2646,0.09701
1761,-0.5684,15.2647,0.09703
1762,-0.5684,15.2648,0.09704
1763,-0.5684,15.265,0.09706
1764,-0.5684,15.2651,0.09707
1765,-0.5684,15.2653,0.09708
1766,-0.5684,15.2654,0.0971
1767,-0.5684,15.2655,0.09711
1768,-0.5684,15.2657,0.09713
1769,-0.5684,15.2658,0.09714
1770,-0.5684,15.266,0.09715
1771,-0.5684,15.2661,0.09717
1772,-0.5684,15.2663,0.09718
1773,-0.5684,15.2664,0.0972
1774,-0.5684,15.2665,0.09721
1775,-0.5684,15.2667,0.09722
1776,-0.5684,15.2668,0.09724
1777,-0.5684,15.267,0.09725
1778,-0.5684,15.2671,0.09726
1779,-0.5684,15.2673,0.09728
1780,-0.5684,15.2674,0.09729
1781,-0.5684,15.2676,0.0973
1782,-0.5684,15.2677,0.09732
1783,-0.5684,15.2679,0.09733
1784,-0.5684,15.268,0.09734
1785,-0.5684,15.2682,0.09736
1786,-0.5684,15.2683,0.09737
1787,-0.5684,15.2685,0.09739
1788,-0.5684,15.2686,0.0974
1789,-0.5684,15.2688,0.09741
1790,-0.5684,15.2689,0.09743
1791,-0.5684,15.2691,0.09744
1792,-0.5684,15.2692,0.09745
1793,-0.5684,15.2694,0.09746
1794,-0.5684,15.2695,0.09748
1795,-0.5684,15.2697,0.09749
1796,-0.5684,15.2698,0.0975
1797,-0.5684,15.27,0.09752
1798,-0.5684,15.2702,0.09753
1799,-0.5684,15.2703,0.09754
1800,-0.5684,15.2705,0.09756
1801,-0.5684,15.2706,0.09757
1802,-0.5684,15.2708,0.09758
1803,-0.5684,15.2709,0.0976
1804,-0.5684,15.2711,0.09761
1805,-0.5684,15.2713,0.09762
1806,-0.5684,15.2714,0.09763
1807,-0.5684,15.2716,0.09765
1808,-0.5684,15.2717,0.09766
1809,-0.5684,15.2719,0.09767
1810,-0.5684,15.272,0.09769
1811,-0.5684,15.2722,0.0977
1812,-0.5684,15.2724,0.09771
1813,-0.5684,15.2725,0.09772
1814,-0.5684,15.2727,0.09774
1815,-0.5684,15.2729,0.09775
1816,-0.5684,15.273,0.09776
1817,-0.5684,15.2732,0.09777
1818,-0.5684,15.2733,0.09779
1819,-0.5684,15.2735,0.0978
1820,-0.5684,15.2737,0.09781
1821,-0.5684,15.2738,0.09782
1822,-0.5684,15.274,0.09784
1823,-0.5684,15.2742,0.09785
1824,-0.5684,15.2743,0.09786
1825,-0.5684,15.2745,0.09787
1826,-0.5684,15.2747,0.09789
1827,-0.5684,15.2748,0.0979
1828,-0.5684,15.275,0.09791
1829,-0.5684,15.2752,0.09792
1830,-0.5684,15.2753,0.09794
1831,-0.5684,15.2755,0.09795
1832,-0.5684,15.2757,0.09796
1833,-0.5684,15.2758,0.09797
1834,-0.5684,15.276,0.09799
1835,-0.5684,15.2762,0.098
1836,-0.5684,15.2763,0.09801
1837,-0.5684,15.2765,0.09802
1838,-0.5684,15.2767,0.09803
1839,-0.5684,15.2768,0.09805
1840,-0.5684,15.277,0.09806
1841,-0.5684,15.2772,0.09807
1842,-0.5684,15.2773,0.09808
1843,-0.5684,15.2775,0.0981
1844,-0.5684,15.2777,0.09811
1845,-0.5684,15.2779,0.09812
1846,-0.5684,15.278,0.09813
1847,-0.5684,15.2782,0.09814
1848,-0.5684,15.2784,0.09816
1849,-0.5684,15.2785,0.09817
1850,-0.5684,15.2787,0.09818
1851,-0.5684,15.2789,0.09819
1852,-0.5684,15.2791,0.0982
1853,-0.5684,15.2792,0.09822
1854,-0.5684,15.2794,0.09823
1855,-0.5684,15.2796,0.09824
1856,-0.5684,15.2798,0.09825
