day,l,m,s
0,1,33.8787,0.03496
1,1,33.975,0.03479
2,1,34.0714,0.03461
3,1,34.1677,0.03444
4,1,34.264,0.03426
5,1,34.3603,0.03409
6,1,34.4566,0.03391
7,1,34.5529,0.03374
8,1,34.6493,0.03356
9,1,34.7456,0.03339
10,1,34.8419,0.03321
11,1,34.9382,0.03304
12,1,35.0345,0.03286
13,1,35.1309,0.03269
14,1,35.2272,0.03251
15,1,35.3211,0.03248
16,1,35.413,0.03245
17,1,35.5028,0.03242
18,1,35.5906,0.03239
19,1,35.6766,0.03236
20,1,35.7607,0.03233
21,1,35.843,0.03231
22,1,35.9237,0.03228
23,1,36.0028,0.03226
24,1,36.0803,0.03223
25,1,36.1563,0.03221
26,1,36.2309,0.03219
27,1,36.3042,0.03217
28,1,36.3761,0.03215
29,1,36.4468,0.03213
30,1,36.5163,0.03211
31,1,36.5846,0.03209
32,1,36.6519,0.03207
33,1,36.718,0.03206
34,1,36.7831,0.03204
35,1,36.8472,0.03202
36,1,36.9104,0.032
37,1,36.9726,0.03199
38,1,37.034,0.03197
39,1,37.0945,0.03196
40,1,37.1541,0.03194
41,1,37.213,0.03193
42,1,37.2711,0.03191
43,1,37.3284,0.0319
44,1,37.3851,0.03188
45,1,37.4411,0.03187
46,1,37.4964,0.03186
47,1,37.551,0.03184
48,1,37.605,0.03183
49,1,37.6584,0.03182
50,1,37.7112,0.0318
51,1,37.7635,0.03179
52,1,37.8152,0.03178
53,1,37.8663,0.03177
54,1,37.9169,0.03176
55,1,37.9671,0.03174
56,1,38.0167,0.03173
57,1,38.0658,0.03172
58,1,38.1145,0.03171
59,1,38.1628,0.0317
60,1,38.2106,0.03169
61,1,38.258,0.03168
62,1,38.305,0.03167
63,1,38.3516,0.03166
64,1,38.3978,0.03164
65,1,38.4437,0.03163
66,1,38.4891,0.03162
67,1,38.5342,0.03161
68,1,38.5789,0.0316
69,1,38.6233,0.03159
70,1,38.6673,0.03158
71,1,38.711,0.03158
72,1,38.7543,0.03157
73,1,38.7973,0.03156
74,1,38.84,0.03155
75,1,38.8823,0.03154
76,1,38.9244,0.03153
77,1,38.9661,0.03152
78,1,39.0075,0.03151
79,1,39.0487,0.0315
80,1,39.0895,0.03149
81,1,39.1301,0.03149
82,1,39.1704,0.03148
83,1,39.2104,0.03147
84,1,39.2501,0.03146
85,1,39.2896,0.03145
86,1,39.3288,0.03144
87,1,39.3677,0.03144
88,1,39.4064,0.03143
89,1,39.4448,0.03142
90,1,39.483,0.03141
91,1,39.521,0.0314
92,1,39.5587,0.0314
93,1,39.5962,0.03139
94,1,39.6335,0.03138
95,1,39.6705,0.03137
96,1,39.7073,0.03137
97,1,39.7438,0.03136
98,1,39.7802,0.03135
99,1,39.8163,0.03134
100,1,39.8522,0.03134
101,1,39.8879,0.03133
102,1,39.9233,0.03132
103,1,39.9586,0.03131
104,1,39.9936,0.03131
105,1,40.0284,0.0313
106,1,40.063,0.03129
107,1,40.0974,0.03129
108,1,40.1316,0.03128
109,1,40.1656,0.03127
110,1,40.1994,0.03127
111,1,40.233,0.03126
112,1,40.2664,0.03125
113,1,40.2995,0.03125
114,1,40.3325,0.03124
115,1,40.3653,0.03123
116,1,40.3979,0.03123
117,1,40.4303,0.03122
118,1,40.4625,0.03121
119,1,40.4946,0.03121
120,1,40.5264,0.0312
121,1,40.5581,0.0312
122,1,40.5895,0.03119
123,1,40.6208,0.03118
124,1,40.6519,0.03118
125,1,40.6829,0.03117
126,1,40.7136,0.03117
127,1,40.7442,0.03116
128,1,40.7746,0.03115
129,1,40.8048,0.03115
130,1,40.8348,0.03114
131,1,40.8647,0.03114
132,1,40.8944,0.03113
133,1,40.9239,0.03112
134,1,40.9533,0.03112
135,1,40.9824,0.03111
136,1,41.0115,0.03111
137,1,41.0403,0.0311
138,1,41.069,0.0311
139,1,41.0975,0.03109
140,1,41.1259,0.03108
141,1,41.1541,0.03108
142,1,41.1821,0.03107
143,1,41.21,0.03107
144,1,41.2378,0.03106
145,1,41.2653,0.03106
146,1,41.2927,0.03105
147,1,41.32,0.03105
148,1,41.3471,0.03104
149,1,41.3741,0.03104
150,1,41.4009,0.03103
151,1,41.4275,0.03103
152,1,41.454,0.03102
153,1,41.4804,0.03102
154,1,41.5066,0.03101
155,1,41.5327,0.03101
156,1,41.5586,0.031
157,1,41.5844,0.03099
158,1,41.61,0.03099
159,1,41.6355,0.03098
160,1,41.6609,0.03098
161,1,41.6861,0.03098
162,1,41.7112,0.03097
163,1,41.7362,0.03097
164,1,41.761,0.03096
165,1,41.7857,0.03096
166,1,41.8102,0.03095
167,1,41.8346,0.03095
168,1,41.8589,0.03094
169,1,41.8831,0.03094
170,1,41.9071,0.03093
171,1,41.931,0.03093
172,1,41.9548,0.03092
173,1,41.9784,0.03092
174,1,42.0019,0.03091
175,1,42.0253,0.03091
176,1,42.0485,0.0309
177,1,42.0717,0.0309
178,1,42.0947,0.03089
179,1,42.1176,0.03089
180,1,42.1403,0.03089
181,1,42.163,0.03088
182,1,42.1855,0.03088
183,1,42.2079,0.03087
184,1,42.2302,0.03087
185,1,42.2523,0.03086
186,1,42.2744,0.03086
187,1,42.2963,0.03085
188,1,42.3181,0.03085
189,1,42.3398,0.03085
190,1,42.3614,0.03084
191,1,42.3829,0.03084
192,1,42.4042,0.03083
193,1,42.4255,0.03083
194,1,42.4466,0.03082
195,1,42.4676,0.03082
196,1,42.4885,0.03082
197,1,42.5093,0.03081
198,1,42.53,0.03081
199,1,42.5506,0.0308
200,1,42.5711,0.0308
201,1,42.5915,0.03079
202,1,42.6117,0.03079
203,1,42.6319,0.03079
204,1,42.6519,0.03078
205,1,42.6719,0.03078
206,1,42.6917,0.03077
207,1,42.7115,0.03077
208,1,42.7311,0.03077
209,1,42.7507,0.03076
210,1,42.7701,0.03076
211,1,42.7894,0.03075
212,1,42.8087,0.03075
213,1,42.8278,0.03075
214,1,42.8469,0.03074
215,1,42.8658,0.03074
216,1,42.8846,0.03073
217,1,42.9034,0.03073
218,1,42.922,0.03073
219,1,42.9406,0.03072
220,1,42.9591,0.03072
221,1,42.9774,0.03072
222,1,42.9957,0.03071
223,1,43.0139,0.03071
224,1,43.032,0.0307
225,1,43.05,0.0307
226,1,43.0679,0.0307
227,1,43.0857,0.03069
228,1,43.1034,0.03069
229,1,43.1211,0.03069
230,1,43.1386,0.03068
231,1,43.1561,0.03068
232,1,43.1734,0.03067
233,1,43.1907,0.03067
234,1,43.2079,0.03067
235,1,43.225,0.03066
236,1,43.2421,0.03066
237,1,43.259,0.03066
238,1,43.2759,0.03065
239,1,43.2926,0.03065
240,1,43.3093,0.03065
241,1,43.3259,0.03064
242,1,43.3424,0.03064
243,1,43.3589,0.03063
244,1,43.3753,0.03063
245,1,43.3915,0.03063
246,1,43.4077,0.03062
247,1,43.4239,0.03062
248,1,43.4399,0.03062
249,1,43.4559,0.03061
250,1,43.4717,0.03061
251,1,43.4876,0.03061
252,1,43.5033,0.0306
253,1,43.5189,0.0306
254,1,43.5345,0.0306
255,1,43.55,0.03059
256,1,43.5654,0.03059
257,1,43.5808,0.03059
258,1,43.5961,0.03058
259,1,43.6113,0.03058
260,1,43.6264,0.03058
261,1,43.6415,0.03057
262,1,43.6564,0.03057
263,1,43.6714,0.03057
264,1,43.6862,0.03056
265,1,43.701,0.03056
266,1,43.7157,0.03056
267,1,43.7303,0.03055
268,1,43.7449,0.03055
269,1,43.7594,0.03055
270,1,43.7738,0.03054
271,1,43.7882,0.03054
272,1,43.8025,0.03054
273,1,43.8167,0.03053
274,1,43.8309,0.03053
275,1,43.845,0.03053
276,1,43.859,0.03052
277,1,43.873,0.03052
278,1,43.8869,0.03052
279,1,43.9007,0.03051
280,1,43.9145,0.03051
281,1,43.9282,0.03051
282,1,43.9419,0.0305
283,1,43.9555,0.0305
284,1,43.969,0.0305
285,1,43.9824,0.03049
286,1,43.9959,0.03049
287,1,44.0092,0.03049
288,1,44.0225,0.03049
289,1,44.0357,0.03048
290,1,44.0489,0.03048
291,1,44.062,0.03048
292,1,44.0751,0.03047
293,1,44.088,0.03047
294,1,44.101,0.03047
295,1,44.1139,0.03046
296,1,44.1267,0.03046
297,1,44.1395,0.03046
298,1,44.1522,0.03045
299,1,44.1648,0.03045
300,1,44.1774,0.03045
301,1,44.19,0.03045
302,1,44.2025,0.03044
303,1,44.2149,0.03044
304,1,44.2273,0.03044
305,1,44.2396,0.03043
306,1,44.2519,0.03043
307,1,44.2641,0.03043
308,1,44.2763,0.03043
309,1,44.2884,0.03042
310,1,44.3005,0.03042
311,1,44.3125,0.03042
312,1,44.3245,0.03041
313,1,44.3364,0.03041
314,1,44.3483,0.03041
315,1,44.3601,0.0304
316,1,44.3719,0.0304
317,1,44.3836,0.0304
318,1,44.3952,0.0304
319,1,44.4069,0.03039
320,1,44.4184,0.03039
321,1,44.43,0.03039
322,1,44.4414,0.03038
323,1,44.4529,0.03038
324,1,44.4643,0.03038
325,1,44.4756,0.03038
326,1,44.4869,0.03037
327,1,44.4981,0.03037
328,1,44.5093,0.03037
329,1,44.5205,0.03037
330,1,44.5316,0.03036
331,1,44.5427,0.03036
332,1,44.5537,0.03036
333,1,44.5646,0.03035
334,1,44.5756,0.03035
335,1,44.5865,0.03035
336,1,44.5973,0.03035
337,1,44.6081,0.03034
338,1,44.6189,0.03034
339,1,44.6296,0.03034
340,1,44.6402,0.03034
341,1,44.6509,0.03033
342,1,44.6615,0.03033
343,1,44.672,0.03033
344,1,44.6825,0.03032
345,1,44.693,0.03032
346,1,44.7034,0.03032
347,1,44.7138,0.03032
348,1,44.7241,0.03031
349,1,44.7344,0.03031
350,1,44.7447,0.03031
351,1,44.7549,0.03031
352,1,44.7651,0.0303
353,1,44.7752,0.0303
354,1,44.7853,0.0303
355,1,44.7954,0.0303
356,1,44.8054,0.03029
357,1,44.8154,0.03029
358,1,44.8254,0.03029
359,1,44.8353,0.03028
360,1,44.8452,0.03028
361,1,44.855,0.03028
362,1,44.8648,0.03028
363,1,44.8746,0.03027
364,1,44.8844,0.03027
365,1,44.894,0.03027
366,1,44.9037,0.03027
367,1,44.9133,0.03026
368,1,44.9229,0.03026
369,1,44.9325,0.03026
370,1,44.942,0.03026
371,1,44.9515,0.03025
372,1,44.9609,0.03025
373,1,44.9704,0.03025
374,1,44.9797,0.03025
375,1,44.9891,0.03024
376,1,44.9984,0.03024
377,1,45.0077,0.03024
378,1,45.0169,0.03024
379,1,45.0262,0.03023
380,1,45.0353,0.03023
381,1,45.0445,0.03023
382,1,45.0536,0.03023
383,1,45.0627,0.03022
384,1,45.0717,0.03022
385,1,45.0808,0.03022
386,1,45.0897,0.03022
387,1,45.0987,0.03021
388,1,45.1076,0.03021
389,1,45.1165,0.03021
390,1,45.1254,0.03021
391,1,45.1342,0.0302
392,1,45.143,0.0302
393,1,45.1518,0.0302
394,1,45.1605,0.0302
395,1,45.1692,0.03019
396,1,45.1779,0.03019
397,1,45.1866,0.03019
398,1,45.1952,0.03019
399,1,45.2038,0.03019
400,1,45.2124,0.03018
401,1,45.2209,0.03018
402,1,45.2294,0.03018
403,1,45.2379,0.03018
404,1,45.2463,0.03017
405,1,45.2548,0.03017
406,1,45.2632,0.03017
407,1,45.2715,0.03017
408,1,45.2799,0.03016
409,1,45.2882,0.03016
410,1,45.2965,0.03016
411,1,45.3047,0.03016
412,1,45.313,0.03015
413,1,45.3212,0.03015
414,1,45.3294,0.03015
415,1,45.3375,0.03015
416,1,45.3456,0.03015
417,1,45.3537,0.03014
418,1,45.3618,0.03014
419,1,45.3699,0.03014
420,1,45.3779,0.03014
421,1,45.3859,0.03013
422,1,45.3939,0.03013
423,1,45.4018,0.03013
424,1,45.4097,0.03013
425,1,45.4176,0.03013
426,1,45.4255,0.03012
427,1,45.4334,0.03012
428,1,45.4412,0.03012
429,1,45.449,0.03012
430,1,45.4568,0.03011
431,1,45.4645,0.03011
432,1,45.4722,0.03011
433,1,45.48,0.03011
434,1,45.4876,0.0301
435,1,45.4953,0.0301
436,1,45.5029,0.0301
437,1,45.5105,0.0301
438,1,45.5181,0.0301
439,1,45.5257,0.03009
440,1,45.5332,0.03009
441,1,45.5408,0.03009
442,1,45.5483,0.03009
443,1,45.5558,0.03008
444,1,45.5632,0.03008
445,1,45.5706,0.03008
446,1,45.5781,0.03008
447,1,45.5854,0.03008
448,1,45.5928,0.03007
449,1,45.6002,0.03007
450,1,45.6075,0.03007
451,1,45.6148,0.03007
452,1,45.6221,0.03007
453,1,45.6293,0.03006
454,1,45.6366,0.03006
455,1,45.6438,0.03006
456,1,45.651,0.03006
457,1,45.6582,0.03005
458,1,45.6654,0.03005
459,1,45.6725,0.03005
460,1,45.6796,0.03005
461,1,45.6867,0.03005
462,1,45.6938,0.03004
463,1,45.7009,0.03004
464,1,45.7079,0.03004
465,1,45.715,0.03004
466,1,45.722,0.03004
467,1,45.729,0.03003
468,1,45.7359,0.03003
469,1,45.7429,0.03003
470,1,45.7498,0.03003
471,1,45.7567,0.03003
472,1,45.7636,0.03002
473,1,45.7705,0.03002
474,1,45.7774,0.03002
475,1,45.7842,0.03002
476,1,45.791,0.03001
477,1,45.7978,0.03001
478,1,45.8046,0.03001
479,1,45.8114,0.03001
480,1,45.8182,0.03001
481,1,45.8249,0.03
482,1,45.8316,0.03
483,1,45.8383,0.03
484,1,45.845,0.03
485,1,45.8517,0.03
486,1,45.8583,0.02999
487,1,45.865,0.02999
488,1,45.8716,0.02999
489,1,45.8782,0.02999
490,1,45.8848,0.02999
491,1,45.8914,0.02998
492,1,45.8979,0.02998
493,1,45.9045,0.02998
494,1,45.911,0.02998
495,1,45.9175,0.02998
496,1,45.924,0.02997
497,1,45.9305,0.02997
498,1,45.937,0.02997
499,1,45.9434,0.02997
500,1,45.9499,0.02997
501,1,45.9563,0.02996
502,1,45.9627,0.02996
503,1,45.9691,0.02996
504,1,45.9755,0.02996
505,1,45.9818,0.02996
506,1,45.9882,0.02995
507,1,45.9945,0.02995
508,1,46.0008,0.02995
509,1,46.0071,0.02995
510,1,46.0134,0.02995
511,1,46.0197,0.02994
512,1,46.026,0.02994
513,1,46.0322,0.02994
514,1,46.0385,0.02994
515,1,46.0447,0.02994
516,1,46.0509,0.02993
517,1,46.0571,0.02993
518,1,46.0633,0.02993
519,1,46.0694,0.02993
520,1,46.0756,0.02993
521,1,46.0818,0.02992
522,1,46.0879,0.02992
523,1,46.094,0.02992
524,1,46.1001,0.02992
525,1,46.1062,0.02992
526,1,46.1123,0.02992
527,1,46.1184,0.02991
528,1,46.1244,0.02991
529,1,46.1305,0.02991
530,1,46.1365,0.02991
531,1,46.1425,0.02991
532,1,46.1485,0.0299
533,1,46.1545,0.0299
534,1,46.1605,0.0299
535,1,46.1665,0.0299
536,1,46.1725,0.0299
537,1,46.1784,0.02989
538,1,46.1843,0.02989
539,1,46.1903,0.02989
540,1,46.1962,0.02989
541,1,46.2021,0.02989
542,1,46.208,0.02989
543,1,46.2139,0.02988
544,1,46.2197,0.02988
545,1,46.2256,0.02988
546,1,46.2315,0.02988
547,1,46.2373,0.02988
548,1,46.2431,0.02987
549,1,46.249,0.02987
550,1,46.2548,0.02987
551,1,46.2606,0.02987
552,1,46.2663,0.02987
553,1,46.2721,0.02986
554,1,46.2779,0.02986
555,1,46.2837,0.02986
556,1,46.2894,0.02986
557,1,46.2951,0.02986
558,1,46.3009,0.02986
559,1,46.3066,0.02985
560,1,46.3123,0.02985
561,1,46.318,0.02985
562,1,46.3237,0.02985
563,1,46.3294,0.02985
564,1,46.335,0.02984
565,1,46.3407,0.02984
566,1,46.3463,0.02984
567,1,46.352,0.02984
568,1,46.3576,0.02984
569,1,46.3632,0.02984
570,1,46.3689,0.02983
571,1,46.3745,0.02983
572,1,46.3801,0.02983
573,1,46.3857,0.02983
574,1,46.3912,0.02983
575,1,46.3968,0.02983
576,1,46.4024,0.02982
577,1,46.4079,0.02982
578,1,46.4135,0.02982
579,1,46.419,0.02982
580,1,46.4245,0.02982
581,1,46.4301,0.02981
582,1,46.4356,0.02981
583,1,46.4411,0.02981
584,1,46.4466,0.02981
585,1,46.4521,0.02981
586,1,46.4575,0.02981
587,1,46.463,0.0298
588,1,46.4685,0.0298
589,1,46.4739,0.0298
590,1,46.4794,0.0298
591,1,46.4848,0.0298
592,1,46.4902,0.0298
593,1,46.4957,0.02979
594,1,46.5011,0.02979
595,1,46.5065,0.02979
596,1,46.5119,0.02979
597,1,46.5173,0.02979
598,1,46.5227,0.02978
599,1,46.528,0.02978
600,1,46.5334,0.02978
601,1,46.5388,0.02978
602,1,46.5441,0.02978
603,1,46.5495,0.02978
604,1,46.5548,0.02977
605,1,46.5601,0.02977
606,1,46.5655,0.02977
607,1,46.5708,0.02977
608,1,46.5761,0.02977
609,1,46.5814,0.02977
610,1,46.5867,0.02976
611,1,46.592,0.02976
612,1,46.5973,0.02976
613,1,46.6026,0.02976
614,1,46.6078,0.02976
615,1,46.6131,0.02976
616,1,46.6183,0.02975
617,1,46.6236,0.02975
618,1,46.6288,0.02975
619,1,46.6341,0.02975
620,1,46.6393,0.02975
621,1,46.6445,0.02975
622,1,46.6497,0.02974
623,1,46.655,0.02974
624,1,46.6602,0.02974
625,1,46.6654,0.02974
626,1,46.6706,0.02974
627,1,46.6757,0.02974
628,1,46.6809,0.02973
629,1,46.6861,0.02973
630,1,46.6913,0.02973
631,1,46.6964,0.02973
632,1,46.7016,0.02973
633,1,46.7067,0.02973
634,1,46.7119,0.02972
635,1,46.717,0.02972
636,1,46.7221,0.02972
637,1,46.7273,0.02972
638,1,46.7324,0.02972
639,1,46.7375,0.02972
640,1,46.7426,0.02971
641,1,46.7477,0.02971
642,1,46.7528,0.02971
643,1,46.7579,0.02971
644,1,46.763,0.02971
645,1,46.768,0.02971
646,1,46.7731,0.0297
647,1,46.7782,0.0297
648,1,46.7832,0.0297
649,1,46.7883,0.0297
650,1,46.7933,0.0297
651,1,46.7984,0.0297
652,1,46.8034,0.0297
653,1,46.8084,0.02969
654,1,46.8135,0.02969
655,1,46.8185,0.02969
656,1,46.8235,0.02969
657,1,46.8285,0.02969
658,1,46.8335,0.02969
659,1,46.8385,0.02968
660,1,46.8435,0.02968
661,1,46.8485,0.02968
662,1,46.8535,0.02968
663,1,46.8584,0.02968
664,1,46.8634,0.02968
665,1,46.8684,0.02967
666,1,46.8733,0.02967
667,1,46.8783,0.02967
668,1,46.8832,0.02967
669,1,46.8882,0.02967
670,1,46.8931,0.02967
671,1,46.8981,0.02966
672,1,46.903,0.02966
673,1,46.9079,0.02966
674,1,46.9128,0.02966
675,1,46.9177,0.02966
676,1,46.9227,0.02966
677,1,46.9276,0.02966
678,1,46.9325,0.02965
679,1,46.9373,0.02965
680,1,46.9422,0.02965
681,1,46.9471,0.02965
682,1,46.952,0.02965
683,1,46.9569,0.02965
684,1,46.9617,0.02964
685,1,46.9666,0.02964
686,1,46.9714,0.02964
687,1,46.9763,0.02964
688,1,46.9811,0.02964
689,1,46.986,0.02964
690,1,46.9908,0.02964
691,1,46.9956,0.02963
692,1,47.0004,0.02963
693,1,47.0053,0.02963
694,1,47.0101,0.02963
695,1,47.0149,0.02963
696,1,47.0197,0.02963
697,1,47.0245,0.02962
698,1,47.0293,0.02962
699,1,47.0341,0.02962
700,1,47.0388,0.02962
701,1,47.0436,0.02962
702,1,47.0484,0.02962
703,1,47.0532,0.02962
704,1,47.0579,0.02961
705,1,47.0627,0.02961
706,1,47.0674,0.02961
707,1,47.0722,0.02961
708,1,47.0769,0.02961
709,1,47.0816,0.02961
710,1,47.0864,0.02961
711,1,47.0911,0.0296
712,1,47.0958,0.0296
713,1,47.1005,0.0296
714,1,47.1052,0.0296
715,1,47.1099,0.0296
716,1,47.1146,0.0296
717,1,47.1193,0.02959
718,1,47.124,0.02959
719,1,47.1287,0.02959
720,1,47.1334,0.02959
721,1,47.138,0.02959
722,1,47.1427,0.02959
723,1,47.1474,0.02959
724,1,47.152,0.02958
725,1,47.1567,0.02958
726,1,47.1613,0.02958
727,1,47.166,0.02958
728,1,47.1706,0.02958
729,1,47.1752,0.02958
730,1,47.1799,0.02958
731,1,47.1845,0.02957
732,1,47.1891,0.02957
733,1,47.1937,0.02957
734,1,47.1983,0.02957
735,1,47.2029,0.02957
736,1,47.2075,0.02957
737,1,47.2121,0.02957
738,1,47.2167,0.02956
739,1,47.2213,0.02956
740,1,47.2258,0.02956
741,1,47.2304,0.02956
742,1,47.235,0.02956
743,1,47.2395,0.02956
744,1,47.2441,0.02955
745,1,47.2486,0.02955
746,1,47.2532,0.02955
747,1,47.2577,0.02955
748,1,47.2622,0.02955
749,1,47.2668,0.02955
750,1,47.2713,0.02955
751,1,47.2758,0.02954
752,1,47.2803,0.02954
753,1,47.2848,0.02954
754,1,47.2893,0.02954
755,1,47.2938,0.02954
756,1,47.2983,0.02954
757,1,47.3028,0.02954
758,1,47.3073,0.02953
759,1,47.3117,0.02953
760,1,47.3162,0.02953
761,1,47.3207,0.02953
762,1,47.3251,0.02953
763,1,47.3296,0.02953
764,1,47.334,0.02953
765,1,47.3385,0.02952
766,1,47.3429,0.02952
767,1,47.3473,0.02952
768,1,47.3517,0.02952
769,1,47.3562,0.02952
770,1,47.3606,0.02952
771,1,47.365,0.02952
772,1,47.3694,0.02952
773,1,47.3738,0.02951
774,1,47.3782,0.02951
775,1,47.3826,0.02951
776,1,47.387,0.02951
777,1,47.3913,0.02951
778,1,47.3957,0.02951
779,1,47.4001,0.02951
780,1,47.4044,0.0295
781,1,47.4088,0.0295
782,1,47.4131,0.0295
783,1,47.4175,0.0295
784,1,47.4218,0.0295
785,1,47.4261,0.0295
786,1,47.4305,0.0295
787,1,47.4348,0.02949
788,1,47.4391,0.02949
789,1,47.4434,0.02949
790,1,47.4477,0.02949
791,1,47.452,0.02949
792,1,47.4563,0.02949
793,1,47.4606,0.02949
794,1,47.4649,0.02948
795,1,47.4692,0.02948
796,1,47.4734,0.02948
797,1,47.4777,0.02948
798,1,47.482,0.02948
799,1,47.4862,0.02948
800,1,47.4905,0.02948
801,1,47.4947,0.02947
802,1,47.4989,0.02947
803,1,47.5032,0.02947
804,1,47.5074,0.02947
805,1,47.5116,0.02947
806,1,47.5158,0.02947
807,1,47.52,0.02947
808,1,47.5242,0.02947
809,1,47.5284,0.02946
810,1,47.5326,0.02946
811,1,47.5368,0.02946
812,1,47.541,0.02946
813,1,47.5452,0.02946
814,1,47.5493,0.02946
815,1,47.5535,0.02946
816,1,47.5577,0.02945
817,1,47.5618,0.02945
818,1,47.566,0.02945
819,1,47.5701,0.02945
820,1,47.5742,0.02945
821,1,47.5784,0.02945
822,1,47.5825,0.02945
823,1,47.5866,0.02945
824,1,47.5907,0.02944
825,1,47.5948,0.02944
826,1,47.5989,0.02944
827,1,47.603,0.02944
828,1,47.6071,0.02944
829,1,47.6112,0.02944
830,1,47.6153,0.02944
831,1,47.6193,0.02943
832,1,47.6234,0.02943
833,1,47.6275,0.02943
834,1,47.6315,0.02943
835,1,47.6356,0.02943
836,1,47.6396,0.02943
837,1,47.6436,0.02943
838,1,47.6477,0.02943
839,1,47.6517,0.02942
840,1,47.6557,0.02942
841,1,47.6597,0.02942
842,1,47.6637,0.02942
843,1,47.6677,0.02942
844,1,47.6717,0.02942
845,1,47.6757,0.02942
846,1,47.6797,0.02941
847,1,47.6837,0.02941
848,1,47.6877,0.02941
849,1,47.6916,0.02941
850,1,47.6956,0.02941
851,1,47.6995,0.02941
852,1,47.7035,0.02941
853,1,47.7074,0.02941
854,1,47.7114,0.0294
855,1,47.7153,0.0294
856,1,47.7192,0.0294
857,1,47.7232,0.0294
858,1,47.7271,0.0294
859,1,47.731,0.0294
860,1,47.7349,0.0294
861,1,47.7388,0.0294
862,1,47.7427,0.02939
863,1,47.7466,0.02939
864,1,47.7504,0.02939
865,1,47.7543,0.02939
866,1,47.7582,0.02939
867,1,47.762,0.02939
868,1,47.7659,0.02939
869,1,47.7698,0.02939
870,1,47.7736,0.02938
871,1,47.7774,0.02938
872,1,47.7813,0.02938
873,1,47.7851,0.02938
874,1,47.7889,0.02938
875,1,47.7927,0.02938
876,1,47.7966,0.02938
877,1,47.8004,0.02938
878,1,47.8042,0.02937
879,1,47.808,0.02937
880,1,47.8117,0.02937
881,1,47.8155,0.02937
882,1,47.8193,0.02937
883,1,47.8231,0.02937
884,1,47.8268,0.02937
885,1,47.8306,0.02937
886,1,47.8344,0.02936
887,1,47.8381,0.02936
888,1,47.8418,0.02936
889,1,47.8456,0.02936
890,1,47.8493,0.02936
891,1,47.853,0.02936
892,1,47.8568,0.02936
893,1,47.8605,0.02935
894,1,47.8642,0.02935
895,1,47.8679,0.02935
896,1,47.8716,0.02935
897,1,47.8753,0.02935
898,1,47.879,0.02935
899,1,47.8826,0.02935
900,1,47.8863,0.02935
901,1,47.89,0.02935
902,1,47.8936,0.02934
903,1,47.8973,0.02934
904,1,47.9009,0.02934
905,1,47.9046,0.02934
906,1,47.9082,0.02934
907,1,47.9119,0.02934
908,1,47.9155,0.02934
909,1,47.9191,0.02934
910,1,47.9227,0.02933
911,1,47.9264,0.02933
912,1,47.93,0.02933
913,1,47.9336,0.02933
914,1,47.9372,0.02933
915,1,47.9407,0.02933
916,1,47.9443,0.02933
917,1,47.9479,0.02933
918,1,47.9515,0.02932
919,1,47.9551,0.02932
920,1,47.9586,0.02932
921,1,47.9622,0.02932
922,1,47.9657,0.02932
923,1,47.9693,0.02932
924,1,47.9728,0.02932
925,1,47.9764,0.02932
926,1,47.9799,0.02931
927,1,47.9834,0.02931
928,1,47.9869,0.02931
929,1,47.9904,0.02931
930,1,47.9939,0.02931
931,1,47.9975,0.02931
932,1,48.0009,0.02931
933,1,48.0044,0.02931
934,1,48.0079,0.0293
935,1,48.0114,0.0293
936,1,48.0149,0.0293
937,1,48.0184,0.0293
938,1,48.0218,0.0293
939,1,48.0253,0.0293
940,1,48.0287,0.0293
941,1,48.0322,0.0293
942,1,48.0356,0.0293
943,1,48.0391,0.02929
944,1,48.0425,0.02929
945,1,48.0459,0.02929
946,1,48.0494,0.02929
947,1,48.0528,0.02929
948,1,48.0562,0.02929
949,1,48.0596,0.02929
950,1,48.063,0.02929
951,1,48.0664,0.02928
952,1,48.0698,0.02928
953,1,48.0732,0.02928
954,1,48.0766,0.02928
955,1,48.08,0.02928
956,1,48.0833,0.02928
957,1,48.0867,0.02928
958,1,48.0901,0.02928
959,1,48.0934,0.02927
960,1,48.0968,0.02927
961,1,48.1001,0.02927
962,1,48.1035,0.02927
963,1,48.1068,0.02927
964,1,48.1101,0.02927
965,1,48.1135,0.02927
966,1,48.1168,0.02927
967,1,48.1201,0.02927
968,1,48.1234,0.02926
969,1,48.1267,0.02926
970,1,48.13,0.02926
971,1,48.1333,0.02926
972,1,48.1366,0.02926
973,1,48.1399,0.02926
974,1,48.1432,0.02926
975,1,48.1465,0.02926
976,1,48.1497,0.02925
977,1,48.153,0.02925
978,1,48.1563,0.02925
979,1,48.1595,0.02925
980,1,48.1628,0.02925
981,1,48.166,0.02925
982,1,48.1693,0.02925
983,1,48.1725,0.02925
984,1,48.1757,0.02925
985,1,48.179,0.02924
986,1,48.1822,0.02924
987,1,48.1854,0.02924
988,1,48.1886,0.02924
989,1,48.1919,0.02924
990,1,48.1951,0.02924
991,1,48.1983,0.02924
992,1,48.2015,0.02924
993,1,48.2047,0.02924
994,1,48.2078,0.02923
995,1,48.211,0.02923
996,1,48.2142,0.02923
997,1,48.2174,0.02923
998,1,48.2205,0.02923
999,1,48.2237,0.02923
1000,1,48.2269,0.02923
1001,1,48.23,0.02923
1002,1,48.2332,0.02923
1003,1,48.2363,0.02922
1004,1,48.2395,0.02922
1005,1,48.2426,0.02922
1006,1,48.2457,0.02922
1007,1,48.2489,0.02922
1008,1,48.252,0.02922
1009,1,48.2551,0.02922
1010,1,48.2582,0.02922
1011,1,48.2613,0.02921
1012,1,48.2644,0.02921
1013,1,48.2676,0.02921
1014,1,48.2706,0.02921
1015,1,48.2737,0.02921
1016,1,48.2768,0.02921
1017,1,48.2799,0.02921
1018,1,48.283,0.02921
1019,1,48.2861,0.02921
1020,1,48.2891,0.0292
1021,1,48.2922,0.0292
1022,1,48.2953,0.0292
1023,1,48.2983,0.0292
1024,1,48.3014,0.0292
1025,1,48.3044,0.0292
1026,1,48.3075,0.0292
1027,1,48.3105,0.0292
1028,1,48.3136,0.0292
1029,1,48.3166,0.02919
1030,1,48.3196,0.02919
1031,1,48.3226,0.02919
1032,1,48.3257,0.02919
1033,1,48.3287,0.02919
1034,1,48.3317,0.02919
1035,1,48.3347,0.02919
1036,1,48.3377,0.02919
1037,1,48.3407,0.02919
1038,1,48.3437,0.02918
1039,1,48.3467,0.02918
1040,1,48.3497,0.02918
1041,1,48.3527,0.02918
1042,1,48.3556,0.02918
1043,1,48.3586,0.02918
1044,1,48.3616,0.02918
1045,1,48.3645,0.02918
1046,1,48.3675,0.02918
1047,1,48.3705,0.02917
1048,1,48.3734,0.02917
1049,1,48.3764,0.02917
1050,1,48.3793,0.02917
1051,1,48.3823,0.02917
1052,1,48.3852,0.02917
1053,1,48.3881,0.02917
1054,1,48.3911,0.02917
1055,1,48.394,0.02917
1056,1,48.3969,0.02916
1057,1,48.3998,0.02916
1058,1,48.4027,0.02916
1059,1,48.4056,0.02916
1060,1,48.4085,0.02916
1061,1,48.4114,0.02916
1062,1,48.4143,0.02916
1063,1,48.4172,0.02916
1064,1,48.4201,0.02916
1065,1,48.423,0.02916
1066,1,48.4259,0.02915
1067,1,48.4288,0.02915
1068,1,48.4317,0.02915
1069,1,48.4345,0.02915
1070,1,48.4374,0.02915
1071,1,48.4403,0.02915
1072,1,48.4431,0.02915
1073,1,48.446,0.02915
1074,1,48.4488,0.02915
1075,1,48.4517,0.02914
1076,1,48.4545,0.02914
1077,1,48.4574,0.02914
1078,1,48.4602,0.02914
1079,1,48.463,0.02914
1080,1,48.4659,0.02914
1081,1,48.4687,0.02914
1082,1,48.4715,0.02914
1083,1,48.4743,0.02914
1084,1,48.4771,0.02913
1085,1,48.4799,0.02913
1086,1,48.4828,0.02913
1087,1,48.4856,0.02913
1088,1,48.4884,0.02913
1089,1,48.4912,0.02913
1090,1,48.4939,0.02913
1091,1,48.4967,0.02913
1092,1,48.4995,0.02913
1093,1,48.5023,0.02912
1094,1,48.5051,0.02912
1095,1,48.5079,0.02912
1096,1,48.5106,0.02912
1097,1,48.5134,0.02912
1098,1,48.5162,0.02912
1099,1,48.5189,0.02912
1100,1,48.5217,0.02912
1101,1,48.5244,0.02912
1102,1,48.5272,0.02912
1103,1,48.5299,0.02911
1104,1,48.5327,0.02911
1105,1,48.5354,0.02911
1106,1,48.5381,0.02911
1107,1,48.5409,0.02911
1108,1,48.5436,0.02911
1109,1,48.5463,0.02911
1110,1,48.5491,0.02911
1111,1,48.5518,0.02911
1112,1,48.5545,0.0291
1113,1,48.5572,0.0291
1114,1,48.5599,0.0291
1115,1,48.5626,0.0291
1116,1,48.5653,0.0291
1117,1,48.568,0.0291
1118,1,48.5707,0.0291
1119,1,48.5734,0.0291
1120,1,48.5761,0.0291
1121,1,48.5788,0.0291
1122,1,48.5814,0.02909
1123,1,48.5841,0.02909
1124,1,48.5868,0.02909
1125,1,48.5895,0.02909
1126,1,48.5921,0.02909
1127,1,48.5948,0.02909
1128,1,48.5974,0.02909
1129,1,48.6001,0.02909
1130,1,48.6028,0.02909
1131,1,48.6054,0.02909
1132,1,48.6081,0.02908
1133,1,48.6107,0.02908
1134,1,48.6133,0.02908
1135,1,48.616,0.02908
1136,1,48.6186,0.02908
1137,1,48.6212,0.02908
1138,1,48.6239,0.02908
1139,1,48.6265,0.02908
1140,1,48.6291,0.02908
1141,1,48.6317,0.02907
1142,1,48.6343,0.02907
1143,1,48.637,0.02907
1144,1,48.6396,0.02907
1145,1,48.6422,0.02907
1146,1,48.6448,0.02907
1147,1,48.6474,0.02907
1148,1,48.65,0.02907
1149,1,48.6525,0.02907
1150,1,48.6551,0.02907
1151,1,48.6577,0.02906
1152,1,48.6603,0.02906
1153,1,48.6629,0.02906
1154,1,48.6655,0.02906
1155,1,48.668,0.02906
1156,1,48.6706,0.02906
1157,1,48.6732,0.02906
1158,1,48.6757,0.02906
1159,1,48.6783,0.02906
1160,1,48.6808,0.02906
1161,1,48.6834,0.02905
1162,1,48.686,0.02905
1163,1,48.6885,0.02905
1164,1,48.691,0.02905
1165,1,48.6936,0.02905
1166,1,48.6961,0.02905
1167,1,48.6987,0.02905
1168,1,48.7012,0.02905
1169,1,48.7037,0.02905
1170,1,48.7062,0.02905
1171,1,48.7088,0.02904
1172,1,48.7113,0.02904
1173,1,48.7138,0.02904
1174,1,48.7163,0.02904
1175,1,48.7188,0.02904
1176,1,48.7213,0.02904
1177,1,48.7238,0.02904
1178,1,48.7263,0.02904
1179,1,48.7288,0.02904
1180,1,48.7313,0.02904
1181,1,48.7338,0.02903
1182,1,48.7363,0.02903
1183,1,48.7388,0.02903
1184,1,48.7413,0.02903
1185,1,48.7438,0.02903
1186,1,48.7463,0.02903
1187,1,48.7487,0.02903
1188,1,48.7512,0.02903
1189,1,48.7537,0.02903
1190,1,48.7561,0.02903
1191,1,48.7586,0.02902
1192,1,48.7611,0.02902
1193,1,48.7635,0.02902
1194,1,48.766,0.02902
1195,1,48.7684,0.02902
1196,1,48.7709,0.02902
1197,1,48.7733,0.02902
1198,1,48.7758,0.02902
1199,1,48.7782,0.02902
1200,1,48.7806,0.02902
1201,1,48.7831,0.02901
1202,1,48.7855,0.02901
1203,1,48.7879,0.02901
1204,1,48.7903,0.02901
1205,1,48.7928,0.02901
1206,1,48.7952,0.02901
1207,1,48.7976,0.02901
1208,1,48.8,0.02901
1209,1,48.8024,0.02901
1210,1,48.8048,0.02901
1211,1,48.8072,0.029
1212,1,48.8096,0.029
1213,1,48.812,0.029
1214,1,48.8144,0.029
1215,1,48.8168,0.029
1216,1,48.8192,0.029
1217,1,48.8216,0.029
1218,1,48.824,0.029
1219,1,48.8264,0.029
1220,1,48.8288,0.029
1221,1,48.8311,0.02899
1222,1,48.8335,0.02899
1223,1,48.8359,0.02899
1224,1,48.8382,0.02899
1225,1,48.8406,0.02899
1226,1,48.843,0.02899
1227,1,48.8453,0.02899
1228,1,48.8477,0.02899
1229,1,48.85,0.02899
1230,1,48.8524,0.02899
1231,1,48.8547,0.02899
1232,1,48.8571,0.02898
1233,1,48.8594,0.02898
1234,1,48.8618,0.02898
1235,1,48.8641,0.02898
1236,1,48.8664,0.02898
1237,1,48.8688,0.02898
1238,1,48.8711,0.02898
1239,1,48.8734,0.02898
1240,1,48.8757,0.02898
1241,1,48.8781,0.02898
1242,1,48.8804,0.02897
1243,1,48.8827,0.02897
1244,1,48.885,0.02897
1245,1,48.8873,0.02897
1246,1,48.8896,0.02897
1247,1,48.8919,0.02897
1248,1,48.8942,0.02897
1249,1,48.8965,0.02897
1250,1,48.8988,0.02897
1251,1,48.9011,0.02897
1252,1,48.9034,0.02897
1253,1,48.9057,0.02896
1254,1,48.908,0.02896
1255,1,48.9103,0.02896
1256,1,48.9126,0.02896
1257,1,48.9148,0.02896
1258,1,48.9171,0.02896
1259,1,48.9194,0.02896
1260,1,48.9217,0.02896
1261,1,48.9239,0.02896
1262,1,48.9262,0.02896
1263,1,48.9284,0.02895
1264,1,48.9307,0.02895
1265,1,48.933,0.02895
1266,1,48.9352,0.02895
1267,1,48.9375,0.02895
1268,1,48.9397,0.02895
1269,1,48.942,0.02895
1270,1,48.9442,0.02895
1271,1,48.9465,0.02895
1272,1,48.9487,0.02895
1273,1,48.9509,0.02895
1274,1,48.9532,0.02894
1275,1,48.9554,0.02894
1276,1,48.9576,0.02894
1277,1,48.9598,0.02894
1278,1,48.9621,0.02894
1279,1,48.9643,0.02894
1280,1,48.9665,0.02894
1281,1,48.9687,0.02894
1282,1,48.9709,0.02894
1283,1,48.9732,0.02894
1284,1,48.9754,0.02893
1285,1,48.9776,0.02893
1286,1,48.9798,0.02893
1287,1,48.982,0.02893
1288,1,48.9842,0.02893
1289,1,48.9864,0.02893
1290,1,48.9886,0.02893
1291,1,48.9908,0.02893
1292,1,48.9929,0.02893
1293,1,48.9951,0.02893
1294,1,48.9973,0.02893
1295,1,48.9995,0.02892
1296,1,49.0017,0.02892
1297,1,49.0039,0.02892
1298,1,49.006,0.02892
1299,1,49.0082,0.02892
1300,1,49.0104,0.02892
1301,1,49.0125,0.02892
1302,1,49.0147,0.02892
1303,1,49.0169,0.02892
1304,1,49.019,0.02892
1305,1,49.0212,0.02892
1306,1,49.0233,0.02891
1307,1,49.0255,0.02891
1308,1,49.0276,0.02891
1309,1,49.0298,0.02891
1310,1,49.0319,0.02891
1311,1,49.0341,0.02891
1312,1,49.0362,0.02891
1313,1,49.0384,0.02891
1314,1,49.0405,0.02891
1315,1,49.0426,0.02891
1316,1,49.0448,0.02891
1317,1,49.0469,0.0289
1318,1,49.049,0.0289
1319,1,49.0511,0.0289
1320,1,49.0533,0.0289
1321,1,49.0554,0.0289
1322,1,49.0575,0.0289
1323,1,49.0596,0.0289
1324,1,49.0617,0.0289
1325,1,49.0638,0.0289
1326,1,49.066,0.0289
1327,1,49.0681,0.0289
1328,1,49.0702,0.02889
1329,1,49.0723,0.02889
1330,1,49.0744,0.02889
1331,1,49.0765,0.02889
1332,1,49.0786,0.02889
1333,1,49.0807,0.02889
1334,1,49.0828,0.02889
1335,1,49.0848,0.02889
1336,1,49.0869,0.02889
1337,1,49.089,0.02889
1338,1,49.0911,0.02889
1339,1,49.0932,0.02888
1340,1,49.0953,0.02888
1341,1,49.0973,0.02888
1342,1,49.0994,0.02888
1343,1,49.1015,0.02888
1344,1,49.1035,0.02888
1345,1,49.1056,0.02888
1346,1,49.1077,0.02888
1347,1,49.1097,0.02888
1348,1,49.1118,0.02888
1349,1,49.1139,0.02888
1350,1,49.1159,0.02887
1351,1,49.118,0.02887
1352,1,49.12,0.02887
1353,1,49.1221,0.02887
1354,1,49.1241,0.02887
1355,1,49.1262,0.02887
1356,1,49.1282,0.02887
1357,1,49.1303,0.02887
1358,1,49.1323,0.02887
1359,1,49.1343,0.02887
1360,1,49.1364,0.02887
1361,1,49.1384,0.02886
1362,1,49.1404,0.02886
1363,1,49.1425,0.02886
1364,1,49.1445,0.02886
1365,1,49.1465,0.02886
1366,1,49.1485,0.02886
1367,1,49.1506,0.02886
1368,1,49.1526,0.02886
1369,1,49.1546,0.02886
1370,1,49.1566,0.02886
1371,1,49.1586,0.02886
1372,1,49.1607,0.02885
1373,1,49.1627,0.02885
1374,1,49.1647,0.02885
1375,1,49.1667,0.02885
1376,1,49.1687,0.02885
1377,1,49.1707,0.02885
1378,1,49.1727,0.02885
1379,1,49.1747,0.02885
1380,1,49.1767,0.02885
1381,1,49.1787,0.02885
1382,1,49.1807,0.02885
1383,1,49.1826,0.02885
1384,1,49.1846,0.02884
1385,1,49.1866,0.02884
1386,1,49.1886,0.02884
1387,1,49.1906,0.02884
1388,1,49.1926,0.02884
1389,1,49.1945,0.02884
1390,1,49.1965,0.02884
1391,1,49.1985,0.02884
1392,1,49.2005,0.02884
1393,1,49.2024,0.02884
1394,1,49.2044,0.02884
1395,1,49.2064,0.02883
1396,1,49.2083,0.02883
1397,1,49.2103,0.02883
1398,1,49.2123,0.02883
1399,1,49.2142,0.02883
1400,1,49.2162,0.02883
1401,1,49.2181,0.02883
1402,1,49.2201,0.02883
1403,1,49.222,0.02883
1404,1,49.224,0.02883
1405,1,49.2259,0.02883
1406,1,49.2279,0.02883
1407,1,49.2298,0.02882
1408,1,49.2318,0.02882
1409,1,49.2337,0.02882
1410,1,49.2356,0.02882
1411,1,49.2376,0.02882
1412,1,49.2395,0.02882
1413,1,49.2414,0.02882
1414,1,49.2434,0.02882
1415,1,49.2453,0.02882
1416,1,49.2472,0.02882
1417,1,49.2492,0.02882
1418,1,49.2511,0.02881
1419,1,49.253,0.02881
1420,1,49.2549,0.02881
1421,1,49.2568,0.02881
1422,1,49.2588,0.02881
1423,1,49.2607,0.02881
1424,1,49.2626,0.02881
1425,1,49.2645,0.02881
1426,1,49.2664,0.02881
1427,1,49.2683,0.02881
1428,1,49.2702,0.02881
1429,1,49.2721,0.02881
1430,1,49.274,0.0288
1431,1,49.2759,0.0288
1432,1,49.2778,0.0288
1433,1,49.2797,0.0288
1434,1,49.2816,0.0288
1435,1,49.2835,0.0288
1436,1,49.2854,0.0288
1437,1,49.2873,0.0288
1438,1,49.2892,0.0288
1439,1,49.2911,0.0288
1440,1,49.2929,0.0288
1441,1,49.2948,0.0288
1442,1,49.2967,0.02879
1443,1,49.2986,0.02879
1444,1,49.3005,0.02879
1445,1,49.3023,0.02879
1446,1,49.3042,0.02879
1447,1,49.3061,0.02879
1448,1,49.308,0.02879
1449,1,49.3098,0.02879
1450,1,49.3117,0.02879
1451,1,49.3136,0.02879
1452,1,49.3154,0.02879
1453,1,49.3173,0.02878
1454,1,49.3191,0.02878
1455,1,49.321,0.02878
1456,1,49.3229,0.02878
1457,1,49.3247,0.02878
1458,1,49.3266,0.02878
1459,1,49.3284,0.02878
1460,1,49.3303,0.02878
1461,1,49.3321,0.02878
1462,1,49.334,0.02878
1463,1,49.3358,0.02878
1464,1,49.3377,0.02878
1465,1,49.3395,0.02877
1466,1,49.3414,0.02877
1467,1,49.3432,0.02877
1468,1,49.345,0.02877
1469,1,49.3469,0.02877
1470,1,49.3487,0.02877
1471,1,49.3505,0.02877
1472,1,49.3524,0.02877
1473,1,49.3542,0.02877
1474,1,49.356,0.02877
1475,1,49.3579,0.02877
1476,1,49.3597,0.02877
1477,1,49.3615,0.02876
1478,1,49.3633,0.02876
1479,1,49.3652,0.02876
1480,1,49.367,0.02876
1481,1,49.3688,0.02876
1482,1,49.3706,0.02876
1483,1,49.3724,0.02876
1484,1,49.3742,0.02876
1485,1,49.3761,0.02876
1486,1,49.3779,0.02876
1487,1,49.3797,0.02876
1488,1,49.3815,0.02876
1489,1,49.3833,0.02875
1490,1,49.3851,0.02875
1491,1,49.3869,0.02875
1492,1,49.3887,0.02875
1493,1,49.3905,0.02875
1494,1,49.3923,0.02875
1495,1,49.3941,0.02875
1496,1,49.3959,0.02875
1497,1,49.3977,0.02875
1498,1,49.3995,0.02875
1499,1,49.4013,0.02875
1500,1,49.4031,0.02875
1501,1,49.4048,0.02874
1502,1,49.4066,0.02874
1503,1,49.4084,0.02874
1504,1,49.4102,0.02874
1505,1,49.412,0.02874
1506,1,49.4138,0.02874
1507,1,49.4155,0.02874
1508,1,49.4173,0.02874
1509,1,49.4191,0.02874
1510,1,49.4209,0.02874
1511,1,49.4227,0.02874
1512,1,49.4244,0.02874
1513,1,49.4262,0.02873
1514,1,49.428,0.02873
1515,1,49.4297,0.02873
1516,1,49.4315,0.02873
1517,1,49.4333,0.02873
1518,1,49.435,0.02873
1519,1,49.4368,0.02873
1520,1,49.4386,0.02873
1521,1,49.4403,0.02873
1522,1,49.4421,0.02873
1523,1,49.4438,0.02873
1524,1,49.4456,0.02873
1525,1,49.4473,0.02873
1526,1,49.4491,0.02872
1527,1,49.4508,0.02872
1528,1,49.4526,0.02872
1529,1,49.4543,0.02872
1530,1,49.4561,0.02872
1531,1,49.4578,0.02872
1532,1,49.4596,0.02872
1533,1,49.4613,0.02872
1534,1,49.4631,0.02872
1535,1,49.4648,0.02872
1536,1,49.4666,0.02872
1537,1,49.4683,0.02872
1538,1,49.47,0.02871
1539,1,49.4718,0.02871
1540,1,49.4735,0.02871
1541,1,49.4752,0.02871
1542,1,49.477,0.02871
1543,1,49.4787,0.02871
1544,1,49.4804,0.02871
1545,1,49.4821,0.02871
1546,1,49.4839,0.02871
1547,1,49.4856,0.02871
1548,1,49.4873,0.02871
1549,1,49.489,0.02871
1550,1,49.4908,0.0287
1551,1,49.4925,0.0287
1552,1,49.4942,0.0287
1553,1,49.4959,0.0287
1554,1,49.4976,0.0287
1555,1,49.4993,0.0287
1556,1,49.5011,0.0287
1557,1,49.5028,0.0287
1558,1,49.5045,0.0287
1559,1,49.5062,0.0287
1560,1,49.5079,0.0287
1561,1,49.5096,0.0287
1562,1,49.5113,0.0287
1563,1,49.513,0.02869
1564,1,49.5147,0.02869
1565,1,49.5164,0.02869
1566,1,49.5181,0.02869
1567,1,49.5198,0.02869
1568,1,49.5215,0.02869
1569,1,49.5232,0.02869
1570,1,49.5249,0.02869
1571,1,49.5266,0.02869
1572,1,49.5283,0.02869
1573,1,49.53,0.02869
1574,1,49.5317,0.02869
1575,1,49.5334,0.02868
1576,1,49.5351,0.02868
1577,1,49.5367,0.02868
1578,1,49.5384,0.02868
1579,1,49.5401,0.02868
1580,1,49.5418,0.02868
1581,1,49.5435,0.02868
1582,1,49.5452,0.02868
1583,1,49.5468,0.02868
1584,1,49.5485,0.02868
1585,1,49.5502,0.02868
1586,1,49.5519,0.02868
1587,1,49.5535,0.02868
1588,1,49.5552,0.02867
1589,1,49.5569,0.02867
1590,1,49.5585,0.02867
1591,1,49.5602,0.02867
1592,1,49.5619,0.02867
1593,1,49.5636,0.02867
1594,1,49.5652,0.02867
1595,1,49.5669,0.02867
1596,1,49.5685,0.02867
1597,1,49.5702,0.02867
1598,1,49.5719,0.02867
1599,1,49.5735,0.02867
1600,1,49.5752,0.02867
1601,1,49.5768,0.02866
1602,1,49.5785,0.02866
1603,1,49.5802,0.02866
1604,1,49.5818,0.02866
1605,1,49.5835,0.02866
1606,1,49.5851,0.02866
1607,1,49.5868,0.02866
1608,1,49.5884,0.02866
1609,1,49.5901,0.02866
1610,1,49.5917,0.02866
1611,1,49.5933,0.02866
1612,1,49.595,0.02866
1613,1,49.5966,0.02866
1614,1,49.5983,0.02865
1615,1,49.5999,0.02865
1616,1,49.6015,0.02865
1617,1,49.6032,0.02865
1618,1,49.6048,0.02865
1619,1,49.6065,0.02865
1620,1,49.6081,0.02865
1621,1,49.6097,0.02865
1622,1,49.6114,0.02865
1623,1,49.613,0.02865
1624,1,49.6146,0.02865
1625,1,49.6162,0.02865
1626,1,49.6179,0.02865
1627,1,49.6195,0.02864
1628,1,49.6211,0.02864
1629,1,49.6227,0.02864
1630,1,49.6244,0.02864
1631,1,49.626,0.02864
1632,1,49.6276,0.02864
1633,1,49.6292,0.02864
1634,1,49.6308,0.02864
1635,1,49.6325,0.02864
1636,1,49.6341,0.02864
1637,1,49.6357,0.02864
1638,1,49.6373,0.02864
1639,1,49.6389,0.02864
1640,1,49.6405,0.02863
1641,1,49.6421,0.02863
1642,1,49.6437,0.02863
1643,1,49.6454,0.02863
1644,1,49.647,0.02863
1645,1,49.6486,0.02863
1646,1,49.6502,0.02863
1647,1,49.6518,0.02863
1648,1,49.6534,0.02863
1649,1,49.655,0.02863
1650,1,49.6566,0.02863
1651,1,49.6582,0.02863
1652,1,49.6598,0.02863
1653,1,49.6614,0.02862
1654,1,49.663,0.02862
1655,1,49.6646,0.02862
1656,1,49.6661,0.02862
1657,1,49.6677,0.02862
1658,1,49.6693,0.02862
1659,1,49.6709,0.02862
1660,1,49.6725,0.02862
1661,1,49.6741,0.02862
1662,1,49.6757,0.02862
1663,1,49.6773,0.02862
1664,1,49.6788,0.02862
1665,1,49.6804,0.02862
1666,1,49.682,0.02861
1667,1,49.6836,0.02861
1668,1,49.6852,0.02861
1669,1,49.6867,0.02861
1670,1,49.6883,0.02861
1671,1,49.6899,0.02861
1672,1,49.6915,0.02861
1673,1,49.6931,0.02861
1674,1,49.6946,0.02861
1675,1,49.6962,0.02861
1676,1,49.6978,0.02861
1677,1,49.6993,0.02861
1678,1,49.7009,0.02861
1679,1,49.7025,0.0286
1680,1,49.704,0.0286
1681,1,49.7056,0.0286
1682,1,49.7072,0.0286
1683,1,49.7087,0.0286
1684,1,49.7103,0.0286
1685,1,49.7119,0.0286
1686,1,49.7134,0.0286
1687,1,49.715,0.0286
1688,1,49.7165,0.0286
1689,1,49.7181,0.0286
1690,1,49.7196,0.0286
1691,1,49.7212,0.0286
1692,1,49.7228,0.02859
1693,1,49.7243,0.02859
1694,1,49.7259,0.02859
1695,1,49.7274,0.02859
1696,1,49.729,0.02859
1697,1,49.7305,0.02859
1698,1,49.7321,0.02859
1699,1,49.7336,0.02859
1700,1,49.7352,0.02859
1701,1,49.7367,0.02859
1702,1,49.7382,0.02859
1703,1,49.7398,0.02859
1704,1,49.7413,0.02859
1705,1,49.7429,0.02859
1706,1,49.7444,0.02858
1707,1,49.7459,0.02858
1708,1,49.7475,0.02858
1709,1,49.749,0.02858
1710,1,49.7506,0.02858
1711,1,49.7521,0.02858
1712,1,49.7536,0.02858
1713,1,49.7552,0.02858
1714,1,49.7567,0.02858
1715,1,49.7582,0.02858
1716,1,49.7597,0.02858
1717,1,49.7613,0.02858
1718,1,49.7628,0.02858
1719,1,49.7643,0.02857
1720,1,49.7659,0.02857
1721,1,49.7674,0.02857
1722,1,49.7689,0.02857
1723,1,49.7704,0.02857
1724,1,49.7719,0.02857
1725,1,49.7735,0.02857
1726,1,49.775,0.02857
1727,1,49.7765,0.02857
1728,1,49.778,0.02857
1729,1,49.7795,0.02857
1730,1,49.7811,0.02857
1731,1,49.7826,0.02857
1732,1,49.7841,0.02857
1733,1,49.7856,0.02856
1734,1,49.7871,0.02856
1735,1,49.7886,0.02856
1736,1,49.7901,0.02856
1737,1,49.7916,0.02856
1738,1,49.7932,0.02856
1739,1,49.7947,0.02856
1740,1,49.7962,0.02856
1741,1,49.7977,0.02856
1742,1,49.7992,0.02856
1743,1,49.8007,0.02856
1744,1,49.8022,0.02856
1745,1,49.8037,0.02856
1746,1,49.8052,0.02855
1747,1,49.8067,0.02855
1748,1,49.8082,0.02855
1749,1,49.8097,0.02855
1750,1,49.8112,0.02855
1751,1,49.8127,0.02855
1752,1,49.8142,0.02855
1753,1,49.8157,0.02855
1754,1,49.8172,0.02855
1755,1,49.8187,0.02855
1756,1,49.8201,0.02855
1757,1,49.8216,0.02855
1758,1,49.8231,0.02855
1759,1,49.8246,0.02855
1760,1,49.8261,0.02854
1761,1,49.8276,0.02854
1762,1,49.8291,0.02854
1763,1,49.8306,0.02854
1764,1,49.8321,0.02854
1765,1,49.8335,0.02854
1766,1,49.835,0.02854
1767,1,49.8365,0.02854
1768,1,49.838,0.02854
1769,1,49.8395,0.02854
1770,1,49.8409,0.02854
1771,1,49.8424,0.02854
1772,1,49.8439,0.02854
1773,1,49.8454,0.02854
1774,1,49.8469,0.02853
1775,1,49.8483,0.02853
1776,1,49.8498,0.02853
1777,1,49.8513,0.02853
1778,1,49.8528,0.02853
1779,1,49.8542,0.02853
1780,1,49.8557,0.02853
1781,1,49.8572,0.02853
1782,1,49.8586,0.02853
1783,1,49.8601,0.02853
1784,1,49.8616,0.02853
1785,1,49.863,0.02853
1786,1,49.8645,0.02853
1787,1,49.866,0.02853
1788,1,49.8674,0.02852
1789,1,49.8689,0.02852
1790,1,49.8704,0.02852
1791,1,49.8718,0.02852
1792,1,49.8733,0.02852
1793,1,49.8748,0.02852
1794,1,49.8762,0.02852
1795,1,49.8777,0.02852
1796,1,49.8791,0.02852
1797,1,49.8806,0.02852
1798,1,49.882,0.02852
1799,1,49.8835,0.02852
1800,1,49.885,0.02852
1801,1,49.8864,0.02852
1802,1,49.8879,0.02851
1803,1,49.8893,0.02851
1804,1,49.8908,0.02851
1805,1,49.8922,0.02851
1806,1,49.8937,0.02851
1807,1,49.8951,0.02851
1808,1,49.8966,0.02851
1809,1,49.898,0.02851
1810,1,49.8995,0.02851
1811,1,49.9009,0.02851
1812,1,49.9024,0.02851
1813,1,49.9038,0.02851
1814,1,49.9052,0.02851
1815,1,49.9067,0.02851
1816,1,49.9081,0.0285
1817,1,49.9096,0.0285
1818,1,49.911,0.0285
1819,1,49.9125,0.0285
1820,1,49.9139,0.0285
1821,1,49.9153,0.0285
1822,1,49.9168,0.0285
1823,1,49.9182,0.0285
1824,1,49.9196,0.0285
1825,1,49.9211,0.0285
1826,1,49.9225,0.0285
1827,1,49.924,0.0285
1828,1,49.9254,0.0285
1829,1,49.9268,0.0285
1830,1,49.9282,0.02849
1831,1,49.9297,0.02849
1832,1,49.9311,0.02849
1833,1,49.9325,0.02849
1834,1,49.934,0.02849
1835,1,49.9354,0.02849
1836,1,49.9368,0.02849
1837,1,49.9383,0.02849
1838,1,49.9397,0.02849
1839,1,49.9411,0.02849
1840,1,49.9425,0.02849
1841,1,49.944,0.02849
1842,1,49.9454,0.02849
1843,1,49.9468,0.02849
1844,1,49.9482,0.02848
1845,1,49.9496,0.02848
1846,1,49.9511,0.02848
1847,1,49.9525,0.02848
1848,1,49.9539,0.02848
1849,1,49.9553,0.02848
1850,1,49.9567,0.02848
1851,1,49.9582,0.02848
1852,1,49.9596,0.02848
1853,1,49.961,0.02848
1854,1,49.9624,0.02848
1855,1,49.9638,0.02848
1856,1,49.9652,0.02848
